unit,timesteps,healthy_cutoff,degradation_start,baseline_peak,drift_peak,spectral_radius_peak,ema_warning,lead_vs_degradation,lead_vs_baseline,false_positive,warning_before_degradation,warning_before_baseline_peak
1,321,64,256,238,84,136,83.0,173.0,155.0,False,True,True
2,299,59,239,288,156,28,159.0,80.0,129.0,False,True,True
3,307,61,245,169,165,178,91.0,154.0,78.0,False,True,True
4,274,54,219,195,42,162,,,,False,False,False
5,193,38,154,165,168,137,44.0,110.0,121.0,False,True,True
6,331,66,264,178,287,93,232.0,32.0,-54.0,False,True,False
7,221,44,176,75,184,116,94.0,82.0,-19.0,False,True,False
8,230,46,184,109,77,98,81.0,103.0,28.0,False,True,True
9,334,66,267,171,53,149,,,,False,False,False
10,354,70,283,349,122,243,123.0,160.0,226.0,False,True,True
11,301,60,240,107,97,111,,,,False,False,False
12,272,54,217,152,30,167,,,,False,False,False
13,256,51,204,129,61,125,,,,False,False,False
14,253,50,202,56,84,178,49.0,153.0,7.0,True,True,True
15,224,44,179,52,208,33,48.0,131.0,4.0,False,True,True
16,184,36,147,158,26,164,,,,False,False,False
17,151,30,120,70,60,150,32.0,88.0,38.0,False,True,True
18,343,68,274,294,170,218,135.0,139.0,159.0,False,True,True
19,210,42,168,75,114,130,,,,False,False,False
20,245,49,196,214,230,48,52.0,144.0,162.0,False,True,True
21,227,45,181,153,173,69,177.0,4.0,-24.0,False,True,False
22,211,42,168,100,159,175,47.0,121.0,53.0,False,True,True
23,280,56,224,198,71,199,74.0,150.0,124.0,False,True,True
24,186,37,148,176,54,146,38.0,110.0,138.0,False,True,True
25,150,30,120,30,83,126,31.0,89.0,-1.0,False,True,False
26,297,59,237,204,178,181,177.0,60.0,27.0,False,True,True
27,163,32,130,34,69,157,72.0,58.0,-38.0,False,True,False
28,202,40,161,143,79,79,80.0,81.0,63.0,False,True,True
29,247,49,197,85,111,114,108.0,89.0,-23.0,False,True,False
30,297,59,237,268,207,97,165.0,72.0,103.0,False,True,True
31,263,52,210,27,84,88,68.0,142.0,-41.0,False,True,False
32,219,43,175,115,94,183,93.0,82.0,22.0,False,True,True
33,201,40,160,140,44,46,42.0,118.0,98.0,False,True,True
34,276,55,220,36,201,200,99.0,121.0,-63.0,False,True,False
35,221,44,176,93,90,147,,,,False,False,False
36,143,28,114,71,142,127,29.0,85.0,42.0,False,True,True
37,388,77,310,149,329,342,286.0,24.0,-137.0,False,True,False
38,177,35,141,35,91,107,41.0,100.0,-6.0,False,True,False
39,202,40,161,96,40,132,,,,False,False,False
40,206,41,164,55,47,113,51.0,113.0,4.0,False,True,True
41,279,55,223,21,266,242,243.0,-20.0,-222.0,False,False,False
42,280,56,224,264,47,130,51.0,173.0,213.0,True,True,True
43,223,44,178,222,114,59,87.0,91.0,135.0,False,True,True
44,203,40,162,46,112,40,62.0,100.0,-16.0,False,True,False
45,177,35,141,43,58,58,38.0,103.0,5.0,False,True,True
46,321,64,256,300,264,120,157.0,99.0,143.0,False,True,True
47,375,75,300,135,53,223,,,,False,False,False
48,322,64,257,75,114,266,278.0,-21.0,-203.0,False,False,False
49,446,89,356,108,430,120,263.0,93.0,-155.0,False,True,False
50,172,34,137,143,133,105,95.0,42.0,48.0,False,True,True
51,285,57,228,75,205,116,206.0,22.0,-131.0,False,True,False
52,357,71,285,40,22,215,26.0,259.0,14.0,True,True,True
53,304,60,243,296,248,152,249.0,-6.0,47.0,False,False,True
54,197,39,157,70,176,164,67.0,90.0,3.0,False,True,True
55,344,68,275,120,98,319,193.0,82.0,-73.0,False,True,False
56,347,69,277,326,194,28,197.0,80.0,129.0,False,True,True
57,193,38,154,123,41,142,43.0,111.0,80.0,False,True,True
58,281,56,224,48,36,74,,,,False,False,False
59,177,35,141,101,87,38,58.0,83.0,43.0,False,True,True
60,218,43,174,124,203,28,,,,False,False,False
61,244,48,195,121,34,36,,,,False,False,False
62,297,59,237,107,185,131,69.0,168.0,38.0,False,True,True
63,170,34,136,165,109,108,36.0,100.0,129.0,False,True,True
64,184,36,147,48,36,162,40.0,107.0,8.0,False,True,True
65,351,70,280,244,51,321,,,,False,False,False
66,175,35,140,30,84,61,87.0,53.0,-57.0,False,True,False
67,167,33,133,110,130,151,39.0,94.0,71.0,False,True,True
68,163,32,130,109,123,143,118.0,12.0,-9.0,False,True,False
69,226,45,180,121,34,36,,,,False,False,False
70,185,37,148,33,47,21,47.0,101.0,-14.0,False,True,False
71,312,62,249,301,307,304,89.0,160.0,212.0,False,True,True
72,308,61,246,266,181,181,184.0,62.0,82.0,False,True,True
73,181,36,144,131,109,170,52.0,92.0,79.0,False,True,True
74,244,48,195,114,223,168,198.0,-3.0,-84.0,False,False,False
75,230,46,184,132,154,66,88.0,96.0,44.0,False,True,True
76,152,30,121,129,21,29,,,,False,False,False
77,148,29,118,139,79,83,32.0,86.0,107.0,False,True,True
78,250,50,200,236,77,76,81.0,119.0,155.0,False,True,True
79,218,43,174,201,154,54,54.0,120.0,147.0,False,True,True
80,305,61,244,210,202,271,95.0,149.0,115.0,False,True,True
81,187,37,149,24,72,64,41.0,108.0,-17.0,False,True,False
82,197,39,157,166,182,101,52.0,105.0,114.0,False,True,True
83,184,36,147,127,28,104,,,,False,False,False
84,159,31,127,73,107,102,39.0,88.0,34.0,False,True,True
85,277,55,221,138,23,42,,,,False,False,False
86,232,46,185,42,186,38,190.0,-5.0,-148.0,False,False,False
87,259,51,207,181,83,221,74.0,133.0,107.0,False,True,True
88,388,77,310,283,84,107,88.0,222.0,195.0,False,True,True
89,168,33,134,80,140,35,38.0,96.0,42.0,False,True,True
90,212,42,169,41,96,208,91.0,78.0,-50.0,False,True,False
91,354,70,283,206,207,53,206.0,77.0,0.0,False,True,False
92,191,38,152,164,172,188,86.0,66.0,78.0,False,True,True
93,196,39,156,174,143,143,147.0,9.0,27.0,False,True,True
94,249,49,199,191,172,78,175.0,24.0,16.0,False,True,True
95,239,47,191,58,77,193,,,,False,False,False
96,270,54,216,131,257,62,149.0,67.0,-18.0,False,True,False
97,262,52,209,21,123,134,127.0,82.0,-106.0,False,True,False
98,245,49,196,115,195,117,199.0,-3.0,-84.0,False,False,False
99,167,33,133,103,60,117,47.0,86.0,56.0,False,True,True
100,261,52,208,207,227,72,59.0,149.0,148.0,False,True,True
