t,file_name,raw_state,drift,drift_smooth,state,state_num
1,2004.02.12.10.32.39,STABLE,0.0,0.0,STABLE,0
2,2004.02.12.10.42.39,STABLE,0.0,0.0,STABLE,0
3,2004.02.12.10.52.39,STABLE,0.0,0.0,STABLE,0
4,2004.02.12.11.02.39,STABLE,0.0,0.0,STABLE,0
5,2004.02.12.11.12.39,STABLE,0.0,0.0,STABLE,0
6,2004.02.12.11.22.39,STABLE,0.0,0.0,STABLE,0
7,2004.02.12.11.32.39,STABLE,0.0,0.0,STABLE,0
8,2004.02.12.11.42.39,STABLE,0.0,0.0,STABLE,0
9,2004.02.12.11.52.39,STABLE,0.0,0.0,STABLE,0
10,2004.02.12.12.02.39,STABLE,0.0,0.0,STABLE,0
11,2004.02.12.12.12.39,STABLE,0.0,0.0,STABLE,0
12,2004.02.12.12.22.39,STABLE,0.0,0.0,STABLE,0
13,2004.02.12.12.32.39,STABLE,0.0,0.0,STABLE,0
14,2004.02.12.12.42.39,STABLE,0.0,0.0,STABLE,0
15,2004.02.12.12.52.39,STABLE,0.0,0.0,STABLE,0
16,2004.02.12.13.02.39,STABLE,0.0,0.0,STABLE,0
17,2004.02.12.13.12.39,STABLE,0.0,0.0,STABLE,0
18,2004.02.12.13.22.39,STABLE,0.0,0.0,STABLE,0
19,2004.02.12.13.32.39,STABLE,0.0,0.0,STABLE,0
20,2004.02.12.13.42.39,STABLE,0.0,0.0,STABLE,0
21,2004.02.12.13.52.39,STABLE,0.0,0.0,STABLE,0
22,2004.02.12.14.02.39,STABLE,0.0,0.0,STABLE,0
23,2004.02.12.14.12.39,STABLE,0.0,0.0,STABLE,0
24,2004.02.12.14.22.39,STABLE,1.4988,0.06245,STABLE,0
25,2004.02.12.14.32.39,STABLE,3.2878,0.191464,STABLE,0
26,2004.02.12.14.42.39,WATCH,4.0351,0.352868,STABLE,0
27,2004.02.12.14.52.39,WATCH,2.0938,0.43662,STABLE,0
28,2004.02.12.15.02.39,WATCH,1.8403,0.510232,STABLE,0
29,2004.02.12.15.12.39,WATCH,1.3194,0.563008,STABLE,0
30,2004.02.12.15.22.39,WATCH,1.3557,0.617236,STABLE,0
31,2004.02.12.15.32.39,WATCH,1.7753,0.688248,STABLE,0
32,2004.02.12.15.42.39,WATCH,2.2708,0.77908,STABLE,0
33,2004.02.12.15.52.39,WATCH,2.2267,0.8681479999999999,STABLE,0
34,2004.02.12.16.02.39,WATCH,2.1583,0.9544799999999999,STABLE,0
35,2004.02.12.16.12.39,WATCH,2.8992,1.0704479999999998,STABLE,0
36,2004.02.12.16.22.39,WATCH,2.6684,1.177184,STABLE,0
37,2004.02.12.16.32.39,WATCH,2.3098,1.269576,STABLE,0
38,2004.02.12.16.42.39,WATCH,2.1811,1.35682,STABLE,0
39,2004.02.12.16.52.39,WATCH,2.5701,1.459624,STABLE,0
40,2004.02.12.17.02.39,WATCH,2.4399,1.55722,STABLE,0
41,2004.02.12.17.12.39,WATCH,2.504,1.65738,STABLE,0
42,2004.02.12.17.22.39,WATCH,1.9453,1.735192,STABLE,0
43,2004.02.12.17.32.39,WATCH,2.5943,1.838964,STABLE,0
44,2004.02.12.17.42.39,WATCH,3.1589,1.9653200000000002,STABLE,0
45,2004.02.12.17.52.39,ALERT,3.7037,2.113468,STABLE,0
46,2004.02.12.18.02.39,WATCH,2.9349,2.230864,STABLE,0
47,2004.02.12.18.12.39,WATCH,2.5218,2.331736,STABLE,0
48,2004.02.12.18.22.39,WATCH,2.9047,2.447924,STABLE,0
49,2004.02.12.18.32.39,WATCH,2.7943,2.4997439999999997,STABLE,0
50,2004.02.12.18.42.39,WATCH,2.7748,2.4792240000000003,STABLE,0
51,2004.02.12.18.52.39,WATCH,2.4597,2.416208,STABLE,0
52,2004.02.12.19.02.39,WATCH,3.1184,2.457192,STABLE,0
53,2004.02.12.19.12.39,WATCH,3.3847,2.5189679999999997,STABLE,0
54,2004.02.12.19.22.39,ALERT,5.7619,2.696668,STABLE,0
55,2004.02.12.19.32.39,WATCH,2.8375,2.75594,STABLE,0
56,2004.02.12.19.42.39,WATCH,2.8398,2.79852,STABLE,0
57,2004.02.12.19.52.39,WATCH,2.8406,2.8213120000000003,STABLE,0
58,2004.02.12.20.02.39,WATCH,3.2507,2.862272,STABLE,0
59,2004.02.12.20.12.39,WATCH,2.0703,2.858752,STABLE,0
60,2004.02.12.20.22.39,WATCH,2.8408,2.8564160000000003,STABLE,0
61,2004.02.12.20.32.39,WATCH,3.4744,2.8886559999999997,STABLE,0
62,2004.02.12.20.42.39,WATCH,2.3499,2.89026,STABLE,0
63,2004.02.12.20.52.39,WATCH,2.4474,2.900912,STABLE,0
64,2004.02.12.21.02.39,WATCH,2.5923,2.9018,STABLE,0
65,2004.02.12.21.12.39,WATCH,2.3685,2.8989439999999997,STABLE,0
66,2004.02.12.21.22.39,WATCH,2.7906,2.910408,STABLE,0
67,2004.02.12.21.32.39,WATCH,2.6707,2.9394240000000003,STABLE,0
68,2004.02.12.21.42.39,WATCH,3.7046,2.983836,STABLE,0
69,2004.02.12.21.52.39,WATCH,2.5159,2.958116,STABLE,0
70,2004.02.12.22.02.39,WATCH,3.739,2.9595279999999997,STABLE,0
71,2004.02.12.22.12.39,WATCH,3.9652,3.00074,STABLE,0
72,2004.02.12.22.22.39,WATCH,2.9861,3.0193119999999998,STABLE,0
73,2004.02.12.22.32.39,WATCH,3.9999,3.0631199999999996,STABLE,0
74,2004.02.12.22.42.39,WATCH,4.5165,3.1320080000000003,STABLE,0
75,2004.02.12.22.52.39,WATCH,5.3198,3.2338080000000002,STABLE,0
76,2004.02.12.23.02.39,WATCH,4.7974,3.327316,STABLE,0
77,2004.02.12.23.12.39,WATCH,5.0613,3.405032,STABLE,0
78,2004.02.12.23.22.39,WATCH,2.9368,3.387116,STABLE,0
79,2004.02.12.23.32.39,WATCH,3.4342,3.294008,STABLE,0
80,2004.02.12.23.42.39,WATCH,3.7708,3.33134,STABLE,0
81,2004.02.12.23.52.39,WATCH,3.0769,3.340824,STABLE,0
82,2004.02.13.00.02.39,WATCH,2.7649,3.3377959999999995,STABLE,0
83,2004.02.13.00.12.39,WATCH,2.836,3.321208,STABLE,0
84,2004.02.13.00.22.39,WATCH,3.3388,3.3719479999999997,STABLE,0
85,2004.02.13.00.32.39,WATCH,3.5697,3.4011039999999997,STABLE,0
86,2004.02.13.00.42.39,WATCH,3.6699,3.4089240000000003,STABLE,0
87,2004.02.13.00.52.39,WATCH,7.4705,3.6137479999999997,STABLE,0
88,2004.02.13.01.02.39,WATCH,5.0106,3.7162759999999997,STABLE,0
89,2004.02.13.01.12.39,WATCH,5.8191,3.845348,STABLE,0
90,2004.02.13.01.22.39,WATCH,3.1889,3.8781640000000004,STABLE,0
91,2004.02.13.01.32.39,WATCH,2.8888,3.8820919999999997,STABLE,0
92,2004.02.13.01.42.39,WATCH,7.3826,4.070568,STABLE,0
93,2004.02.13.01.52.39,WATCH,5.0653,4.124995999999999,STABLE,0
94,2004.02.13.02.02.39,WATCH,3.6939,4.172116,STABLE,0
95,2004.02.13.02.12.39,WATCH,4.4985,4.202496,STABLE,0
96,2004.02.13.02.22.39,WATCH,3.2234,4.172824,STABLE,0
97,2004.02.13.02.32.39,WATCH,4.5191,4.234144,STABLE,0
98,2004.02.13.02.42.39,WATCH,4.9492,4.2721160000000005,STABLE,0
99,2004.02.13.02.52.39,WATCH,4.6524,4.277552,STABLE,0
100,2004.02.13.03.02.39,WATCH,3.9572,4.223048,STABLE,0
101,2004.02.13.03.12.39,WATCH,2.8289,4.144308,STABLE,0
102,2004.02.13.03.22.39,WATCH,4.0204,4.102672,STABLE,0
103,2004.02.13.03.32.39,WATCH,3.618,4.129919999999999,STABLE,0
104,2004.02.13.03.42.39,WATCH,4.0365,4.154012,STABLE,0
105,2004.02.13.03.52.39,WATCH,3.9553,4.161391999999999,STABLE,0
106,2004.02.13.04.02.39,WATCH,3.6973,4.186208000000001,STABLE,0
107,2004.02.13.04.12.39,WATCH,3.4022,4.2117,STABLE,0
108,2004.02.13.04.22.39,WATCH,3.3209,4.231096,STABLE,0
109,2004.02.13.04.32.39,WATCH,4.4558,4.2757760000000005,STABLE,0
110,2004.02.13.04.42.39,WATCH,3.2591,4.263352,STABLE,0
111,2004.02.13.04.52.39,WATCH,3.483,4.255876,STABLE,0
112,2004.02.13.05.02.39,WATCH,3.3048,4.089248,STABLE,0
113,2004.02.13.05.12.39,WATCH,2.7498,3.9988160000000006,STABLE,0
114,2004.02.13.05.22.39,WATCH,3.7873,3.917544,STABLE,0
115,2004.02.13.05.32.39,WATCH,3.495,3.929788,STABLE,0
116,2004.02.13.05.42.39,WATCH,2.7203,3.923048,STABLE,0
117,2004.02.13.05.52.39,STABLE,3.2157,3.7563720000000003,STABLE,0
118,2004.02.13.06.02.39,WATCH,2.8069,3.666036,STABLE,0
119,2004.02.13.06.12.39,WATCH,3.0915,3.64194,STABLE,0
120,2004.02.13.06.22.39,WATCH,3.0086,3.582344,STABLE,0
121,2004.02.13.06.32.39,WATCH,5.6097,3.6777960000000003,STABLE,0
122,2004.02.13.06.42.39,WATCH,3.5738,3.639984,STABLE,0
123,2004.02.13.06.52.39,WATCH,4.0143,3.602588,STABLE,0
124,2004.02.13.07.02.39,WATCH,2.7768,3.527564,STABLE,0
125,2004.02.13.07.12.39,WATCH,3.7776,3.5203800000000003,STABLE,0
126,2004.02.13.07.22.39,WATCH,4.8705,3.6020440000000002,STABLE,0
127,2004.02.13.07.32.39,WATCH,3.7898,3.5928199999999997,STABLE,0
128,2004.02.13.07.42.39,WATCH,3.4187,3.584848,STABLE,0
129,2004.02.13.07.52.39,WATCH,4.2017,3.591456,STABLE,0
130,2004.02.13.08.02.39,ALERT,6.8077,3.705552,STABLE,0
131,2004.02.13.08.12.39,ALERT,5.6333,3.7829919999999997,STABLE,0
132,2004.02.13.08.22.39,WATCH,3.301,3.778944,STABLE,0
133,2004.02.13.08.32.39,WATCH,3.9729,3.8050240000000004,STABLE,0
134,2004.02.13.08.42.39,WATCH,2.7172,3.73548,STABLE,0
135,2004.02.13.08.52.39,WATCH,3.6168,3.7497880000000006,STABLE,0
136,2004.02.13.09.02.39,WATCH,2.7482,3.720396,STABLE,0
137,2004.02.13.09.12.39,WATCH,2.6533,3.6943360000000003,STABLE,0
138,2004.02.13.09.22.39,WATCH,3.0511,3.706388,STABLE,0
139,2004.02.13.09.32.39,WATCH,2.9887,3.6744440000000003,STABLE,0
140,2004.02.13.09.42.39,WATCH,3.304,3.6668040000000004,STABLE,0
141,2004.02.13.09.52.39,WATCH,3.7453,3.7078040000000003,STABLE,0
142,2004.02.13.10.02.39,WATCH,2.6833,3.686508,STABLE,0
143,2004.02.13.10.12.39,WATCH,3.293,3.705952,STABLE,0
144,2004.02.13.10.22.39,WATCH,2.9788,3.7014440000000004,STABLE,0
145,2004.02.13.10.32.39,WATCH,3.0068,3.701372,STABLE,0
146,2004.02.13.10.42.39,WATCH,3.8299,3.6301799999999997,STABLE,0
147,2004.02.13.10.52.39,WATCH,3.9532,3.6453560000000005,STABLE,0
148,2004.02.13.11.02.39,WATCH,3.9758,3.6438159999999997,STABLE,0
149,2004.02.13.11.12.39,WATCH,6.389,3.788304,STABLE,0
150,2004.02.13.11.22.39,WATCH,6.1509,3.883236,STABLE,0
151,2004.02.13.11.32.39,WATCH,5.311,3.900856,STABLE,0
152,2004.02.13.11.42.39,WATCH,4.2009,3.9173,STABLE,0
153,2004.02.13.11.52.39,WATCH,3.1709,3.907388,STABLE,0
154,2004.02.13.12.02.39,WATCH,2.7659,3.849956,STABLE,0
155,2004.02.13.12.12.39,WATCH,3.1563,3.7039000000000004,STABLE,0
156,2004.02.13.12.22.39,WATCH,4.2492,3.6485359999999996,STABLE,0
157,2004.02.13.12.32.39,WATCH,3.8204,3.6693119999999997,STABLE,0
158,2004.02.13.12.42.39,WATCH,4.1946,3.67818,STABLE,0
159,2004.02.13.12.52.39,WATCH,2.6502,3.6754999999999995,STABLE,0
160,2004.02.13.13.02.39,WATCH,4.5082,3.711156,STABLE,0
161,2004.02.13.13.12.39,WATCH,3.6212,3.746076,STABLE,0
162,2004.02.13.13.22.39,WATCH,4.7533,3.830076,STABLE,0
163,2004.02.13.13.32.39,WATCH,4.5681,3.890756,STABLE,0
164,2004.02.13.13.42.39,WATCH,3.1325,3.896508,STABLE,0
165,2004.02.13.13.52.39,WATCH,3.6584,3.910684,STABLE,0
166,2004.02.13.14.02.39,WATCH,3.0039,3.881028,STABLE,0
167,2004.02.13.14.12.39,WATCH,4.327,3.946776,STABLE,0
168,2004.02.13.14.22.39,WATCH,3.4474,3.9529520000000002,STABLE,0
169,2004.02.13.14.32.39,WATCH,4.624,4.018759999999999,STABLE,0
170,2004.02.13.14.42.39,WATCH,4.3277,4.071596,STABLE,0
171,2004.02.13.14.52.39,WATCH,4.4269,4.095476,STABLE,0
172,2004.02.13.15.02.39,WATCH,3.4135,4.073887999999999,STABLE,0
173,2004.02.13.15.12.39,WATCH,4.7175,4.103556,STABLE,0
174,2004.02.13.15.22.39,WATCH,4.2493,4.017968,STABLE,0
175,2004.02.13.15.32.39,WATCH,4.2448,3.941724,STABLE,0
176,2004.02.13.15.42.39,WATCH,3.75,3.879284,STABLE,0
177,2004.02.13.15.52.39,WATCH,4.1943,3.8790199999999997,STABLE,0
178,2004.02.13.16.02.39,WATCH,3.7088,3.900536,STABLE,0
179,2004.02.13.16.12.39,WATCH,3.658,3.9362199999999996,STABLE,0
180,2004.02.13.16.22.39,WATCH,3.7697,3.9607559999999995,STABLE,0
181,2004.02.13.16.32.39,WATCH,5.2552,4.000996,STABLE,0
182,2004.02.13.16.42.39,WATCH,3.6674,3.9948759999999996,STABLE,0
183,2004.02.13.16.52.39,WATCH,3.9784,3.9862280000000005,STABLE,0
184,2004.02.13.17.02.39,WATCH,7.0202,4.161028,STABLE,0
185,2004.02.13.17.12.39,WATCH,5.6634,4.207236,STABLE,0
186,2004.02.13.17.22.39,WATCH,6.2024,4.310484,STABLE,0
187,2004.02.13.17.32.39,WATCH,4.009,4.280711999999999,STABLE,0
188,2004.02.13.17.42.39,WATCH,5.551,4.320028000000001,STABLE,0
189,2004.02.13.17.52.39,WATCH,4.1389,4.360284,STABLE,0
190,2004.02.13.18.02.39,WATCH,4.1833,4.38128,STABLE,0
191,2004.02.13.18.12.39,WATCH,4.083,4.424443999999999,STABLE,0
192,2004.02.13.18.22.39,WATCH,4.55,4.433364,STABLE,0
193,2004.02.13.18.32.39,WATCH,5.7416,4.525132,STABLE,0
194,2004.02.13.18.42.39,WATCH,6.3197,4.59296,STABLE,0
195,2004.02.13.18.52.39,WATCH,5.6897,4.64744,STABLE,0
196,2004.02.13.19.02.39,WATCH,4.4742,4.649332,STABLE,0
197,2004.02.13.19.12.39,WATCH,3.7374,4.662288,STABLE,0
198,2004.02.13.19.22.39,WATCH,3.4308,4.61082,STABLE,0
199,2004.02.13.19.32.39,WATCH,3.3904,4.5764640000000005,STABLE,0
200,2004.02.13.19.42.39,WATCH,3.1656,4.533296,STABLE,0
201,2004.02.13.19.52.39,WATCH,2.728,4.492416,STABLE,0
202,2004.02.13.20.02.39,WATCH,3.7335,4.473984000000001,STABLE,0
203,2004.02.13.20.12.39,WATCH,3.6354,4.471048,STABLE,0
204,2004.02.13.20.22.39,WATCH,2.8781,4.439852,STABLE,0
205,2004.02.13.20.32.39,WATCH,3.4112,4.425512,STABLE,0
206,2004.02.13.20.42.39,WATCH,4.7213,4.404156,STABLE,0
207,2004.02.13.20.52.39,WATCH,4.0066,4.417724,STABLE,0
208,2004.02.13.21.02.39,WATCH,4.177,4.425668,STABLE,0
209,2004.02.13.21.12.39,WATCH,5.1188,4.349612,STABLE,0
210,2004.02.13.21.22.39,WATCH,4.9883,4.322608,STABLE,0
211,2004.02.13.21.32.39,WATCH,5.2576,4.284816,STABLE,0
212,2004.02.13.21.42.39,WATCH,4.3125,4.296956,STABLE,0
213,2004.02.13.21.52.39,WATCH,5.6933,4.302648,STABLE,0
214,2004.02.13.22.02.39,WATCH,4.8728,4.332004,STABLE,0
215,2004.02.13.22.12.39,WATCH,5.2873,4.376164,STABLE,0
216,2004.02.13.22.22.39,WATCH,3.5743,4.355816000000001,STABLE,0
217,2004.02.13.22.32.39,WATCH,4.4783,4.3529480000000005,STABLE,0
218,2004.02.13.22.42.39,WATCH,4.6793,4.310455999999999,STABLE,0
219,2004.02.13.22.52.39,WATCH,4.0,4.217668,STABLE,0
220,2004.02.13.23.02.39,WATCH,4.0413,4.151732,STABLE,0
221,2004.02.13.23.12.39,WATCH,4.3077,4.145072,STABLE,0
222,2004.02.13.23.22.39,WATCH,3.7125,4.144076,STABLE,0
223,2004.02.13.23.32.39,WATCH,3.2913,4.138496,STABLE,0
224,2004.02.13.23.42.39,WATCH,2.2975,4.094779999999999,STABLE,0
225,2004.02.13.23.52.39,WATCH,3.2668,4.098828,STABLE,0
226,2004.02.14.00.02.39,WATCH,2.8161,4.102352,STABLE,0
227,2004.02.14.00.12.39,WATCH,3.4818,4.092283999999999,STABLE,0
228,2004.02.14.00.22.39,WATCH,3.7177,4.095576,STABLE,0
229,2004.02.14.00.32.39,WATCH,4.0543,4.1426240000000005,STABLE,0
230,2004.02.14.00.42.39,WATCH,3.602,4.150256,STABLE,0
231,2004.02.14.00.52.39,WATCH,3.9608,4.119835999999999,STABLE,0
232,2004.02.14.01.02.39,WATCH,3.9401,4.117176,STABLE,0
233,2004.02.14.01.12.39,WATCH,4.3746,4.12508,STABLE,0
234,2004.02.14.01.22.39,WATCH,4.2906,4.091952,STABLE,0
235,2004.02.14.01.32.39,WATCH,4.4463,4.070272,STABLE,0
236,2004.02.14.01.42.39,WATCH,5.3032,4.072095999999999,STABLE,0
237,2004.02.14.01.52.39,WATCH,2.6315,4.004856,STABLE,0
238,2004.02.14.02.02.39,WATCH,3.7074,3.9254200000000004,STABLE,0
239,2004.02.14.02.12.39,WATCH,3.7633,3.8810400000000005,STABLE,0
240,2004.02.14.02.22.39,WATCH,3.9485,3.8274880000000002,STABLE,0
241,2004.02.14.02.32.39,WATCH,4.1733,3.8514479999999995,STABLE,0
242,2004.02.14.02.42.39,WATCH,5.6707,3.899144,STABLE,0
243,2004.02.14.02.52.39,ALERT,5.0909,3.915608,STABLE,0
244,2004.02.14.03.02.39,WATCH,4.789,3.9471680000000005,STABLE,0
245,2004.02.14.03.12.39,WATCH,4.6088,3.969868,STABLE,0
246,2004.02.14.03.22.39,WATCH,4.3026,3.9696640000000003,STABLE,0
247,2004.02.14.03.32.39,WATCH,4.2356,3.990588,STABLE,0
248,2004.02.14.03.42.39,WATCH,4.2146,4.02752,STABLE,0
249,2004.02.14.03.52.39,WATCH,2.9619,4.054096,STABLE,0
250,2004.02.14.04.02.39,WATCH,3.8393,4.076995999999999,STABLE,0
251,2004.02.14.04.12.39,STABLE,4.1209,4.129188,STABLE,0
252,2004.02.14.04.22.39,WATCH,6.6417,4.255584,STABLE,0
253,2004.02.14.04.32.39,WATCH,5.3149,4.319471999999999,STABLE,0
254,2004.02.14.04.42.39,WATCH,4.078,4.3204199999999995,STABLE,0
255,2004.02.14.04.52.39,WATCH,3.6544,4.322516,STABLE,0
256,2004.02.14.05.02.39,WATCH,3.8069,4.31636,STABLE,0
257,2004.02.14.05.12.39,WATCH,3.557,4.301036,STABLE,0
258,2004.02.14.05.22.39,WATCH,5.2073,4.334344,STABLE,0
259,2004.02.14.05.32.39,WATCH,4.5328,4.344032,STABLE,0
260,2004.02.14.05.42.39,WATCH,4.8139,4.358736,STABLE,0
261,2004.02.14.05.52.39,WATCH,4.8194,4.339384,STABLE,0
262,2004.02.14.06.02.39,WATCH,5.3311,4.447368,STABLE,0
263,2004.02.14.06.12.39,WATCH,6.4034,4.5552079999999995,STABLE,0
264,2004.02.14.06.22.39,WATCH,4.3562,4.578924,STABLE,0
265,2004.02.14.06.32.39,WATCH,4.5153,4.601596,STABLE,0
266,2004.02.14.06.42.39,WATCH,3.5472,4.5765519999999995,STABLE,0
267,2004.02.14.06.52.39,WATCH,4.1612,4.516172,STABLE,0
268,2004.02.14.07.02.39,WATCH,5.3928,4.528248,STABLE,0
269,2004.02.14.07.12.39,WATCH,3.5464,4.478544,STABLE,0
270,2004.02.14.07.22.39,WATCH,3.5637,4.4367399999999995,STABLE,0
271,2004.02.14.07.32.39,WATCH,4.3737,4.439584,STABLE,0
272,2004.02.14.07.42.39,WATCH,3.6723,4.417052000000001,STABLE,0
273,2004.02.14.07.52.39,WATCH,3.7949,4.400264,STABLE,0
274,2004.02.14.08.02.39,WATCH,3.8879,4.437304,STABLE,0
275,2004.02.14.08.12.39,WATCH,3.5223,4.424624000000001,STABLE,0
276,2004.02.14.08.22.39,WATCH,3.2915,4.3914480000000005,STABLE,0
277,2004.02.14.08.32.39,WATCH,3.6991,4.273744000000001,STABLE,0
278,2004.02.14.08.42.39,WATCH,4.5157,4.241776000000001,STABLE,0
279,2004.02.14.08.52.39,WATCH,5.7609,4.309092,STABLE,0
280,2004.02.14.09.02.39,WATCH,5.3499,4.376912000000001,STABLE,0
281,2004.02.14.09.12.39,WATCH,4.0552,4.386844,STABLE,0
282,2004.02.14.09.22.39,WATCH,3.1195,4.369344000000001,STABLE,0
283,2004.02.14.09.32.39,WATCH,4.1107,4.32548,STABLE,0
284,2004.02.14.09.42.39,WATCH,5.0606,4.346592,STABLE,0
285,2004.02.14.09.52.39,WATCH,4.0706,4.31686,STABLE,0
286,2004.02.14.10.02.39,WATCH,4.874,4.319044,STABLE,0
287,2004.02.14.10.12.39,WATCH,3.8259,4.258836,STABLE,0
288,2004.02.14.10.22.39,WATCH,4.6518,4.188772,STABLE,0
289,2004.02.14.10.32.39,WATCH,4.1736,4.181468000000001,STABLE,0
290,2004.02.14.10.42.39,WATCH,4.2044,4.169032,STABLE,0
291,2004.02.14.10.52.39,WATCH,5.0443,4.228916000000001,STABLE,0
292,2004.02.14.11.02.39,WATCH,3.5839,4.205824,STABLE,0
293,2004.02.14.11.12.39,WATCH,3.0974,4.114008,STABLE,0
294,2004.02.14.11.22.39,WATCH,3.0369,4.093628,STABLE,0
295,2004.02.14.11.32.39,WATCH,3.3598,4.085471999999999,STABLE,0
296,2004.02.14.11.42.39,WATCH,3.7378,4.060036,STABLE,0
297,2004.02.14.11.52.39,WATCH,3.2128,4.041656,STABLE,0
298,2004.02.14.12.02.39,WATCH,3.061,4.0123,STABLE,0
299,2004.02.14.12.12.39,WATCH,3.115,3.981384,STABLE,0
300,2004.02.14.12.22.39,WATCH,3.2884,3.972028,STABLE,0
301,2004.02.14.12.32.39,WATCH,3.4562,3.9786159999999997,STABLE,0
302,2004.02.14.12.42.39,WATCH,3.4923,3.970344,STABLE,0
303,2004.02.14.12.52.39,WATCH,3.3863,3.9251679999999998,STABLE,0
304,2004.02.14.13.02.39,WATCH,3.8827,3.8500400000000004,STABLE,0
305,2004.02.14.13.12.39,WATCH,5.0898,3.839636,STABLE,0
306,2004.02.14.13.22.39,WATCH,5.2121,3.8859120000000003,STABLE,0
307,2004.02.14.13.32.39,WATCH,5.489,3.9806919999999995,STABLE,0
308,2004.02.14.13.42.39,WATCH,4.8253,4.009276,STABLE,0
309,2004.02.14.13.52.39,WATCH,4.9429,4.004568,STABLE,0
310,2004.02.14.14.02.39,WATCH,5.721,4.070584,STABLE,0
311,2004.02.14.14.12.39,WATCH,4.0121,4.036108,STABLE,0
312,2004.02.14.14.22.39,WATCH,4.2385,4.052612,STABLE,0
313,2004.02.14.14.32.39,WATCH,4.1748,4.033532,STABLE,0
314,2004.02.14.14.42.39,WATCH,5.6721,4.093472,STABLE,0
315,2004.02.14.14.52.39,WATCH,7.9447,4.243084,STABLE,0
316,2004.02.14.15.02.39,ALERT,6.3362,4.29476,STABLE,0
317,2004.02.14.15.12.39,WATCH,6.8039,4.42356,STABLE,0
318,2004.02.14.15.22.39,WATCH,4.7584,4.49,STABLE,0
319,2004.02.14.15.32.39,WATCH,4.0062,4.528772,STABLE,0
320,2004.02.14.15.42.39,WATCH,3.9875,4.55388,STABLE,0
321,2004.02.14.15.52.39,WATCH,4.1077,4.568676,STABLE,0
322,2004.02.14.16.02.39,WATCH,6.5343,4.701536,STABLE,0
323,2004.02.14.16.12.39,WATCH,5.6107,4.803524,STABLE,0
324,2004.02.14.16.22.39,WATCH,5.2079,4.88724,STABLE,0
325,2004.02.14.16.32.39,WATCH,4.7013,4.9437560000000005,STABLE,0
326,2004.02.14.16.42.39,WATCH,4.5971,4.9893920000000005,STABLE,0
327,2004.02.14.16.52.39,WATCH,5.2509,5.059736,STABLE,0
328,2004.02.14.17.02.39,WATCH,3.7671,5.074968,STABLE,0
329,2004.02.14.17.12.39,WATCH,4.6428,5.105372,STABLE,0
330,2004.02.14.17.22.39,WATCH,4.0522,5.063868,STABLE,0
331,2004.02.14.17.32.39,WATCH,3.5508,4.997416,STABLE,0
332,2004.02.14.17.42.39,WATCH,4.2519,4.947932,STABLE,0
333,2004.02.14.17.52.39,WATCH,3.8438,4.908671999999999,STABLE,0
334,2004.02.14.18.02.39,WATCH,5.0267,4.912024,STABLE,0
335,2004.02.14.18.12.39,ALERT,5.6984,4.9111199999999995,STABLE,0
336,2004.02.14.18.22.39,WATCH,5.1165,4.955296000000001,STABLE,0
337,2004.02.14.18.32.39,WATCH,4.709,4.974116,STABLE,0
338,2004.02.14.18.42.39,WATCH,5.1962,5.014972,STABLE,0
339,2004.02.14.18.52.39,WATCH,5.0358,4.98952,STABLE,0
340,2004.02.14.19.02.39,WATCH,6.094,4.9154919999999995,STABLE,0
341,2004.02.14.19.12.39,WATCH,5.9718,4.900916,STABLE,0
342,2004.02.14.19.22.39,WATCH,6.238,4.87828,STABLE,0
343,2004.02.14.19.32.39,WATCH,5.0695,4.8907240000000005,STABLE,0
344,2004.02.14.19.42.39,WATCH,3.62,4.875276,STABLE,0
345,2004.02.14.19.52.39,WATCH,4.0582,4.878104,STABLE,0
346,2004.02.14.20.02.39,WATCH,4.6219,4.898672,STABLE,0
347,2004.02.14.20.12.39,WATCH,5.185,4.8447000000000005,STABLE,0
348,2004.02.14.20.22.39,WATCH,4.0925,4.783972,STABLE,0
349,2004.02.14.20.32.39,WATCH,4.117,4.740336,STABLE,0
350,2004.02.14.20.42.39,WATCH,5.3601,4.766687999999999,STABLE,0
351,2004.02.14.20.52.39,WATCH,6.0353,4.824216,STABLE,0
352,2004.02.14.21.02.39,WATCH,5.6578,4.840492,STABLE,0
353,2004.02.14.21.12.39,WATCH,5.4903,4.90942,STABLE,0
354,2004.02.14.21.22.39,WATCH,5.3796,4.938892,STABLE,0
355,2004.02.14.21.32.39,WATCH,5.5444,4.9985800000000005,STABLE,0
356,2004.02.14.21.42.39,WATCH,6.3419,5.110224,STABLE,0
357,2004.02.14.21.52.39,WATCH,4.622,5.1250279999999995,STABLE,0
358,2004.02.14.22.02.39,WATCH,4.266,5.141916,STABLE,0
359,2004.02.14.22.12.39,WATCH,4.5606,5.123271999999999,STABLE,0
360,2004.02.14.22.22.39,WATCH,5.2335,5.104676,STABLE,0
361,2004.02.14.22.32.39,WATCH,5.3524,5.114112,STABLE,0
362,2004.02.14.22.42.39,WATCH,4.5603,5.1081639999999995,STABLE,0
363,2004.02.14.22.52.39,WATCH,4.4573,5.078608,STABLE,0
364,2004.02.14.23.02.39,WATCH,4.5358,5.0586079999999995,STABLE,0
365,2004.02.14.23.12.39,WATCH,5.2646,5.025432,STABLE,0
366,2004.02.14.23.22.39,WATCH,5.8736,5.021504,STABLE,0
367,2004.02.14.23.32.39,WATCH,5.1955,4.979804000000001,STABLE,0
368,2004.02.14.23.42.39,WATCH,4.4147,4.953612,STABLE,0
369,2004.02.14.23.52.39,WATCH,4.7189,4.997568,STABLE,0
370,2004.02.15.00.02.39,WATCH,4.1455,5.00106,STABLE,0
371,2004.02.15.00.12.39,WATCH,3.9823,4.975476,STABLE,0
372,2004.02.15.00.22.39,WATCH,4.303,4.940195999999999,STABLE,0
373,2004.02.15.00.32.39,WATCH,4.3286,4.94964,STABLE,0
374,2004.02.15.00.42.39,WATCH,4.9773,4.984052,STABLE,0
375,2004.02.15.00.52.39,WATCH,4.3547,4.943836,STABLE,0
376,2004.02.15.01.02.39,WATCH,4.0536,4.864568,STABLE,0
377,2004.02.15.01.12.39,WATCH,5.5002,4.858264,STABLE,0
378,2004.02.15.01.22.39,WATCH,5.3163,4.851304,STABLE,0
379,2004.02.15.01.32.39,WATCH,5.7071,4.864404,STABLE,0
380,2004.02.15.01.42.39,WATCH,5.007,4.8429079999999995,STABLE,0
381,2004.02.15.01.52.39,WATCH,5.0674,4.7919279999999995,STABLE,0
382,2004.02.15.02.02.39,WATCH,3.1002,4.731056,STABLE,0
383,2004.02.15.02.12.39,WATCH,4.6895,4.747996,STABLE,0
384,2004.02.15.02.22.39,WATCH,4.6119,4.750048,STABLE,0
385,2004.02.15.02.32.39,WATCH,4.2185,4.709448,STABLE,0
386,2004.02.15.02.42.39,WATCH,4.465,4.673952,STABLE,0
387,2004.02.15.02.52.39,WATCH,3.8809,4.646776,STABLE,0
388,2004.02.15.03.02.39,WATCH,4.5487,4.650432,STABLE,0
389,2004.02.15.03.12.39,WATCH,4.4137,4.645548,STABLE,0
390,2004.02.15.03.22.39,WATCH,3.5932,4.578692,STABLE,0
391,2004.02.15.03.32.39,WATCH,3.3628,4.47826,STABLE,0
392,2004.02.15.03.42.39,WATCH,3.6014,4.414496,STABLE,0
393,2004.02.15.03.52.39,WATCH,3.3975,4.373808,STABLE,0
394,2004.02.15.04.02.39,WATCH,2.8378,4.298564,STABLE,0
395,2004.02.15.04.12.39,WATCH,4.1763,4.299796,STABLE,0
396,2004.02.15.04.22.39,WATCH,5.0717,4.343372,STABLE,0
397,2004.02.15.04.32.39,WATCH,5.0376,4.372756000000001,STABLE,0
398,2004.02.15.04.42.39,WATCH,5.8737,4.43456,STABLE,0
399,2004.02.15.04.52.39,WATCH,4.9423,4.43316,STABLE,0
400,2004.02.15.05.02.39,WATCH,6.3541,4.513136,STABLE,0
401,2004.02.15.05.12.39,WATCH,6.1225,4.595892,STABLE,0
402,2004.02.15.05.22.39,WATCH,6.1994,4.62386,STABLE,0
403,2004.02.15.05.32.39,WATCH,4.3889,4.586764,STABLE,0
404,2004.02.15.05.42.39,WATCH,4.5623,4.540972,STABLE,0
405,2004.02.15.05.52.39,WATCH,5.8834,4.576028,STABLE,0
406,2004.02.15.06.02.39,WATCH,5.0576,4.575636,STABLE,0
407,2004.02.15.06.12.39,WATCH,4.6831,4.638952,STABLE,0
408,2004.02.15.06.22.39,WATCH,3.611,4.5958120000000005,STABLE,0
409,2004.02.15.06.32.39,WATCH,3.9006,4.56736,STABLE,0
410,2004.02.15.06.42.39,WATCH,5.0931,4.6023439999999995,STABLE,0
411,2004.02.15.06.52.39,WATCH,3.861,4.578184,STABLE,0
412,2004.02.15.07.02.39,WATCH,5.3518,4.63702,STABLE,0
413,2004.02.15.07.12.39,WATCH,4.8938,4.650824,STABLE,0
414,2004.02.15.07.22.39,WATCH,4.4609,4.652712,STABLE,0
415,2004.02.15.07.32.39,WATCH,4.75,4.698983999999999,STABLE,0
416,2004.02.15.07.42.39,WATCH,5.5995,4.7884519999999995,STABLE,0
417,2004.02.15.07.52.39,WATCH,3.6491,4.79036,STABLE,0
418,2004.02.15.08.02.39,WATCH,7.6714,4.961316,STABLE,0
419,2004.02.15.08.12.39,WATCH,6.0404,5.08942,STABLE,0
420,2004.02.15.08.22.39,WATCH,4.4749,5.101364,STABLE,0
421,2004.02.15.08.32.39,WATCH,4.4389,5.076052000000001,STABLE,0
422,2004.02.15.08.42.39,WATCH,4.3313,5.0478,STABLE,0
423,2004.02.15.08.52.39,WATCH,4.1736,4.9797959999999994,STABLE,0
424,2004.02.15.09.02.39,WATCH,4.8338,4.975456,STABLE,0
425,2004.02.15.09.12.39,WATCH,5.1563,4.927544,STABLE,0
426,2004.02.15.09.22.39,WATCH,4.0328,4.843956,STABLE,0
427,2004.02.15.09.32.39,WATCH,5.2023,4.804072,STABLE,0
428,2004.02.15.09.42.39,WATCH,4.1688,4.795268,STABLE,0
429,2004.02.15.09.52.39,WATCH,5.1093,4.817148,STABLE,0
430,2004.02.15.10.02.39,WATCH,6.4044,4.837987999999999,STABLE,0
431,2004.02.15.10.12.39,WATCH,5.5252,4.856692,STABLE,0
432,2004.02.15.10.22.39,WATCH,4.7498,4.859360000000001,STABLE,0
433,2004.02.15.10.32.39,WATCH,4.9655,4.91354,STABLE,0
434,2004.02.15.10.42.39,WATCH,5.2764,4.968572,STABLE,0
435,2004.02.15.10.52.39,WATCH,4.9202,4.961656,STABLE,0
436,2004.02.15.11.02.39,WATCH,4.8875,5.002716,STABLE,0
437,2004.02.15.11.12.39,WATCH,5.1546,4.994828,STABLE,0
438,2004.02.15.11.22.39,WATCH,4.0372,4.960564,STABLE,0
439,2004.02.15.11.32.39,WATCH,4.712,4.9706079999999995,STABLE,0
440,2004.02.15.11.42.39,WATCH,5.6266,5.005672000000001,STABLE,0
441,2004.02.15.11.52.39,WATCH,5.0064,4.981948,STABLE,0
442,2004.02.15.12.02.39,WATCH,7.0187,5.116732,STABLE,0
443,2004.02.15.12.12.39,WATCH,7.3863,5.105328,STABLE,0
444,2004.02.15.12.22.39,WATCH,5.8594,5.098088000000001,STABLE,0
445,2004.02.15.12.32.39,WATCH,4.7928,5.110804,STABLE,0
446,2004.02.15.12.42.39,WATCH,3.8529,5.087364,STABLE,0
447,2004.02.15.12.52.39,WATCH,3.9236,5.071056,STABLE,0
448,2004.02.15.13.02.39,WATCH,5.5473,5.126004,STABLE,0
449,2004.02.15.13.12.39,WATCH,5.3199,5.145448,STABLE,0
450,2004.02.15.13.22.39,WATCH,4.4222,5.116084,STABLE,0
451,2004.02.15.13.32.39,WATCH,3.6716,5.101636,STABLE,0
452,2004.02.15.13.42.39,WATCH,4.3892,5.0691120000000005,STABLE,0
453,2004.02.15.13.52.39,WATCH,4.1799,5.069556,STABLE,0
454,2004.02.15.14.02.39,WATCH,4.2835,5.036523999999999,STABLE,0
455,2004.02.15.14.12.39,WATCH,4.4277,4.957456,STABLE,0
456,2004.02.15.14.22.39,WATCH,5.4766,4.955512,STABLE,0
457,2004.02.15.14.32.39,WATCH,5.1252,4.970528000000001,STABLE,0
458,2004.02.15.14.42.39,WATCH,5.9403,5.00952,STABLE,0
459,2004.02.15.14.52.39,ALERT,6.0102,5.0388720000000005,STABLE,0
460,2004.02.15.15.02.39,ALERT,7.4227,5.138972,STABLE,0
461,2004.02.15.15.12.39,WATCH,6.6462,5.20932,STABLE,0
462,2004.02.15.15.22.39,WATCH,4.6458,5.188968,STABLE,0
463,2004.02.15.15.32.39,WATCH,3.7913,5.179131999999999,STABLE,0
464,2004.02.15.15.42.39,WATCH,3.6917,5.13832,STABLE,0
465,2004.02.15.15.52.39,WATCH,3.2954,5.045071999999999,STABLE,0
466,2004.02.15.16.02.39,WATCH,5.3441,5.05858,STABLE,0
467,2004.02.15.16.12.39,WATCH,3.8985,4.933772,STABLE,0
468,2004.02.15.16.22.39,WATCH,3.6676,4.785024,STABLE,0
469,2004.02.15.16.32.39,WATCH,4.8585,4.744988,STABLE,0
470,2004.02.15.16.42.39,WATCH,4.6299,4.738472,STABLE,0
471,2004.02.15.16.52.39,WATCH,6.0208,4.825188,STABLE,0
472,2004.02.15.17.02.39,WATCH,4.3859,4.84368,STABLE,0
473,2004.02.15.17.12.39,WATCH,5.2423,4.83148,STABLE,0
474,2004.02.15.17.22.39,WATCH,5.5348,4.840076,STABLE,0
475,2004.02.15.17.32.39,WATCH,4.9759,4.862224,STABLE,0
476,2004.02.15.17.42.39,WATCH,4.9029,4.911476,STABLE,0
477,2004.02.15.17.52.39,WATCH,6.0033,4.97604,STABLE,0
478,2004.02.15.18.02.39,WATCH,5.9228,5.045756,STABLE,0
479,2004.02.15.18.12.39,WATCH,4.6367,5.059883999999999,STABLE,0
480,2004.02.15.18.22.39,WATCH,5.3695,5.097556,STABLE,0
481,2004.02.15.18.32.39,WATCH,5.0234,5.079428,STABLE,0
482,2004.02.15.18.42.39,WATCH,4.4074,5.0507159999999995,STABLE,0
483,2004.02.15.18.52.39,WATCH,5.7899,5.044700000000001,STABLE,0
484,2004.02.15.19.02.39,WATCH,6.4215,5.061152,STABLE,0
485,2004.02.15.19.12.39,WATCH,7.6177,5.0689519999999995,STABLE,0
486,2004.02.15.19.22.39,ALERT,8.5702,5.145912000000001,STABLE,0
487,2004.02.15.19.32.39,ALERT,7.8551,5.274284,STABLE,0
488,2004.02.15.19.42.39,WATCH,5.7236,5.351576,STABLE,0
489,2004.02.15.19.52.39,WATCH,6.4498,5.461899999999999,STABLE,0
490,2004.02.15.20.02.39,WATCH,5.5042,5.5502519999999995,STABLE,0
491,2004.02.15.20.12.39,WATCH,5.6616,5.562952,STABLE,0
492,2004.02.15.20.22.39,WATCH,4.566,5.589652000000001,STABLE,0
493,2004.02.15.20.32.39,WATCH,5.0375,5.644448,STABLE,0
494,2004.02.15.20.42.39,WATCH,7.0609,5.732544000000001,STABLE,0
495,2004.02.15.20.52.39,WATCH,7.2226,5.836252000000001,STABLE,0
496,2004.02.15.21.02.39,WATCH,7.4021,5.891504,STABLE,0
497,2004.02.15.21.12.39,WATCH,5.1847,5.923456,STABLE,0
498,2004.02.15.21.22.39,WATCH,5.3804,5.92898,STABLE,0
499,2004.02.15.21.32.39,WATCH,5.4991,5.927552,STABLE,0
500,2004.02.15.21.42.39,WATCH,4.0615,5.890975999999999,STABLE,0
501,2004.02.15.21.52.39,WATCH,6.131,5.9401,STABLE,0
502,2004.02.15.22.02.39,WATCH,5.1105,5.904388,STABLE,0
503,2004.02.15.22.12.39,WATCH,5.5083,5.887808,STABLE,0
504,2004.02.15.22.22.39,WATCH,5.5922,5.926028,STABLE,0
505,2004.02.15.22.32.39,WATCH,6.5715,5.974108,STABLE,0
506,2004.02.15.22.42.39,WATCH,4.8122,5.965660000000001,STABLE,0
507,2004.02.15.22.52.39,WATCH,5.1772,5.996452000000001,STABLE,0
508,2004.02.15.23.02.39,WATCH,4.8541,5.959020000000001,STABLE,0
509,2004.02.15.23.12.39,WATCH,5.0709,5.904996,STABLE,0
510,2004.02.15.23.22.39,WATCH,5.4832,5.819616,STABLE,0
511,2004.02.15.23.32.39,WATCH,4.7492,5.666776,STABLE,0
512,2004.02.15.23.42.39,WATCH,3.021,5.473412,STABLE,0
513,2004.02.15.23.52.39,WATCH,4.3441,5.418232,STABLE,0
514,2004.02.16.00.02.39,WATCH,4.9714,5.359096000000001,STABLE,0
515,2004.02.16.00.12.39,WATCH,4.8687,5.3336760000000005,STABLE,0
516,2004.02.16.00.22.39,WATCH,4.9771,5.306296,STABLE,0
517,2004.02.16.00.32.39,WATCH,4.4569,5.301932000000001,STABLE,0
518,2004.02.16.00.42.39,WATCH,5.0466,5.302296,STABLE,0
519,2004.02.16.00.52.39,WATCH,4.8207,5.212688000000001,STABLE,0
520,2004.02.16.01.02.39,WATCH,5.4842,5.143152,STABLE,0
521,2004.02.16.01.12.39,WATCH,5.6991,5.075032,STABLE,0
522,2004.02.16.01.22.39,WATCH,4.5382,5.0491719999999995,STABLE,0
523,2004.02.16.01.32.39,WATCH,4.5028,5.014068,STABLE,0
524,2004.02.16.01.42.39,WATCH,4.4298,4.971296,STABLE,0
525,2004.02.16.01.52.39,WATCH,5.7524,5.038932,STABLE,0
526,2004.02.16.02.02.39,WATCH,5.4729,5.012608,STABLE,0
527,2004.02.16.02.12.39,WATCH,6.2013,5.05624,STABLE,0
528,2004.02.16.02.22.39,WATCH,6.61,5.100308,STABLE,0
529,2004.02.16.02.32.39,WATCH,4.8812,5.071868,STABLE,0
530,2004.02.16.02.42.39,WATCH,6.1773,5.0561,STABLE,0
531,2004.02.16.02.52.39,WATCH,6.6262,5.12866,STABLE,0
532,2004.02.16.03.02.39,WATCH,6.5883,5.185104,STABLE,0
533,2004.02.16.03.12.39,WATCH,5.7361,5.220384,STABLE,0
534,2004.02.16.03.22.39,WATCH,7.5038,5.317699999999999,STABLE,0
535,2004.02.16.03.32.39,ALERT,9.1695,5.465152,STABLE,0
536,2004.02.16.03.42.39,ALERT,9.5983,5.659116,STABLE,0
537,2004.02.16.03.52.39,WATCH,8.9122,5.894764,STABLE,0
538,2004.02.16.04.02.39,WATCH,10.9689,6.159756,STABLE,0
539,2004.02.16.04.12.39,ALERT,9.396,6.33674,STABLE,0
540,2004.02.16.04.22.39,WATCH,9.3571,6.516276,STABLE,0
541,2004.02.16.04.32.39,WATCH,8.4759,6.656228,STABLE,0
542,2004.02.16.04.42.39,WATCH,9.375,6.852952,STABLE,0
543,2004.02.16.04.52.39,WATCH,8.9865,7.010548,STABLE,0
544,2004.02.16.05.02.39,WATCH,9.6542,7.203888000000001,STABLE,0
545,2004.02.16.05.12.39,WATCH,9.777,7.3755999999999995,STABLE,0
546,2004.02.16.05.22.39,WATCH,10.9277,7.584744000000001,STABLE,0
547,2004.02.16.05.32.39,WATCH,10.0129,7.803732,STABLE,0
548,2004.02.16.05.42.39,WATCH,9.4512,8.001668,STABLE,0
549,2004.02.16.05.52.39,WATCH,10.1782,8.231603999999999,STABLE,0
550,2004.02.16.06.02.39,WATCH,10.6452,8.427316000000001,STABLE,0
551,2004.02.16.06.12.39,WATCH,11.0299,8.649596,STABLE,0
552,2004.02.16.06.22.39,WATCH,10.8227,8.834452,STABLE,0
553,2004.02.16.06.32.39,WATCH,10.4506,8.988076000000001,STABLE,0
554,2004.02.16.06.42.39,WATCH,10.6956,9.220652,STABLE,0
555,2004.02.16.06.52.39,WATCH,11.5337,9.434908,STABLE,0
556,2004.02.16.07.02.39,WATCH,11.9628,9.648372,STABLE,0
557,2004.02.16.07.12.39,WATCH,11.9956,9.864664,STABLE,0
558,2004.02.16.07.22.39,WATCH,12.6664,10.141876,STABLE,0
559,2004.02.16.07.32.39,WATCH,11.7871,10.313208,STABLE,0
560,2004.02.16.07.42.39,WATCH,13.9874,10.505924,STABLE,0
561,2004.02.16.07.52.39,WATCH,13.8832,10.67732,STABLE,0
562,2004.02.16.08.02.39,WATCH,14.3005,10.892852,STABLE,0
563,2004.02.16.08.12.39,WATCH,13.1648,10.980688,STABLE,0
564,2004.02.16.08.22.39,WATCH,13.3076,11.137152,STABLE,0
565,2004.02.16.08.32.39,WATCH,12.0471,11.244752,STABLE,0
566,2004.02.16.08.42.39,WATCH,12.4262,11.402764,STABLE,0
567,2004.02.16.08.52.39,WATCH,11.9747,11.506751999999999,STABLE,0
568,2004.02.16.09.02.39,WATCH,11.613,11.611812,STABLE,0
569,2004.02.16.09.12.39,WATCH,12.1829,11.71296,STABLE,0
570,2004.02.16.09.22.39,WATCH,11.8295,11.79506,STABLE,0
571,2004.02.16.09.32.39,WATCH,11.3275,11.811052,STABLE,0
572,2004.02.16.09.42.39,WATCH,13.0481,11.93246,STABLE,0
573,2004.02.16.09.52.39,WATCH,13.0722,12.077300000000001,STABLE,0
574,2004.02.16.10.02.39,WATCH,12.2937,12.16192,STABLE,0
575,2004.02.16.10.12.39,WATCH,12.7092,12.24448,STABLE,0
576,2004.02.16.10.22.39,WATCH,12.6295,12.308463999999999,STABLE,0
577,2004.02.16.10.32.39,WATCH,12.2221,12.36444,STABLE,0
578,2004.02.16.10.42.39,WATCH,12.8646,12.460999999999999,STABLE,0
579,2004.02.16.10.52.39,WATCH,13.3062,12.565423999999998,STABLE,0
580,2004.02.16.11.02.39,WATCH,14.3754,12.679092,STABLE,0
581,2004.02.16.11.12.39,WATCH,13.988,12.7601,STABLE,0
582,2004.02.16.11.22.39,WATCH,14.4326,12.857579999999999,STABLE,0
583,2004.02.16.11.32.39,WATCH,13.8008,12.902956000000001,STABLE,0
584,2004.02.16.11.42.39,WATCH,14.1901,12.999076,STABLE,0
585,2004.02.16.11.52.39,WATCH,14.1254,13.004596,STABLE,0
586,2004.02.16.12.02.39,WATCH,13.4455,12.987087999999998,STABLE,0
587,2004.02.16.12.12.39,WATCH,14.1768,12.98214,STABLE,0
588,2004.02.16.12.22.39,WATCH,14.2272,13.024635999999997,STABLE,0
589,2004.02.16.12.32.39,WATCH,13.9288,13.049484,STABLE,0
590,2004.02.16.12.42.39,WATCH,14.4812,13.146848,STABLE,0
591,2004.02.16.12.52.39,WATCH,15.8323,13.283092,STABLE,0
592,2004.02.16.13.02.39,WATCH,14.2949,13.375900000000001,STABLE,0
593,2004.02.16.13.12.39,WATCH,13.5214,13.452236000000001,STABLE,0
594,2004.02.16.13.22.39,WATCH,14.0265,13.525979999999999,STABLE,0
595,2004.02.16.13.32.39,WATCH,14.5794,13.635976000000001,STABLE,0
596,2004.02.16.13.42.39,WATCH,14.8873,13.778368,STABLE,0
597,2004.02.16.13.52.39,WATCH,14.9195,13.853224,STABLE,0
598,2004.02.16.14.02.39,WATCH,14.2826,13.90164,STABLE,0
599,2004.02.16.14.12.39,WATCH,13.9118,13.966363999999999,STABLE,0
600,2004.02.16.14.22.39,WATCH,15.1255,14.063016,STABLE,0
601,2004.02.16.14.32.39,WATCH,14.3141,14.1304,STABLE,0
602,2004.02.16.14.42.39,WATCH,15.352,14.255596,STABLE,0
603,2004.02.16.14.52.39,WATCH,15.5832,14.36434,STABLE,0
604,2004.02.16.15.02.39,WATCH,15.7074,14.460388,STABLE,0
605,2004.02.16.15.12.39,WATCH,15.6426,14.511076000000001,STABLE,0
606,2004.02.16.15.22.39,WATCH,15.6696,14.57834,STABLE,0
607,2004.02.16.15.32.39,WATCH,16.181,14.648276000000001,STABLE,0
608,2004.02.16.15.42.39,WATCH,15.8846,14.731628,STABLE,0
609,2004.02.16.15.52.39,WATCH,16.562,14.826504,STABLE,0
610,2004.02.16.16.02.39,WATCH,17.6922,14.969176,STABLE,0
611,2004.02.16.16.12.39,WATCH,18.4409,15.168992000000001,STABLE,0
612,2004.02.16.16.22.39,WATCH,18.6336,15.347264000000001,STABLE,0
613,2004.02.16.16.32.39,WATCH,19.159,15.544536,STABLE,0
614,2004.02.16.16.42.39,WATCH,18.0466,15.709248,STABLE,0
615,2004.02.16.16.52.39,WATCH,18.9302,15.887208000000001,STABLE,0
616,2004.02.16.17.02.39,WATCH,20.0691,16.05668,STABLE,0
617,2004.02.16.17.12.39,WATCH,17.609,16.189244,STABLE,0
618,2004.02.16.17.22.39,WATCH,17.5695,16.351168,STABLE,0
619,2004.02.16.17.32.39,WATCH,16.7666,16.460772000000002,STABLE,0
620,2004.02.16.17.42.39,WATCH,16.3351,16.531,STABLE,0
621,2004.02.16.17.52.39,WATCH,16.6847,16.602896,STABLE,0
622,2004.02.16.18.02.39,WATCH,18.3293,16.739288,STABLE,0
623,2004.02.16.18.12.39,WATCH,17.8378,16.881496,STABLE,0
624,2004.02.16.18.22.39,WATCH,17.4928,17.024736,STABLE,0
625,2004.02.16.18.32.39,WATCH,17.7516,17.12978,STABLE,0
626,2004.02.16.18.42.39,WATCH,18.4515,17.295276,STABLE,0
627,2004.02.16.18.52.39,WATCH,18.7681,17.43192,STABLE,0
628,2004.02.16.19.02.39,WATCH,19.0195,17.569372,STABLE,0
629,2004.02.16.19.12.39,WATCH,18.8476,17.69498,STABLE,0
630,2004.02.16.19.22.39,WATCH,20.5209,17.890112,STABLE,0
631,2004.02.16.19.32.39,WATCH,18.2309,17.992564,STABLE,0
632,2004.02.16.19.42.39,WATCH,18.8501,18.099328,STABLE,0
633,2004.02.16.19.52.39,WATCH,18.1116,18.188408,STABLE,0
634,2004.02.16.20.02.39,WATCH,18.3379,18.259444000000002,STABLE,0
635,2004.02.16.20.12.39,WATCH,18.2543,18.281928,STABLE,0
636,2004.02.16.20.22.39,WATCH,25.329,18.557452,STABLE,0
637,2004.02.16.20.32.39,WATCH,21.6011,18.676152,STABLE,0
638,2004.02.16.20.42.39,WATCH,20.1376,18.715296000000002,STABLE,0
639,2004.02.16.20.52.39,WATCH,18.076,18.716472,STABLE,0
640,2004.02.16.21.02.39,WATCH,17.8968,18.675136,STABLE,0
641,2004.02.16.21.12.39,WATCH,17.9413,18.590024,STABLE,0
642,2004.02.16.21.22.39,WATCH,19.0006,18.645688,STABLE,0
643,2004.02.16.21.32.39,WATCH,19.1937,18.710656,STABLE,0
644,2004.02.16.21.42.39,WATCH,18.7746,18.790975999999997,STABLE,0
645,2004.02.16.21.52.39,WATCH,20.3521,18.951656,STABLE,0
646,2004.02.16.22.02.39,WATCH,19.4207,19.061096,STABLE,0
647,2004.02.16.22.12.39,WATCH,19.1355,19.093344,STABLE,0
648,2004.02.16.22.22.39,WATCH,21.5821,19.243116,STABLE,0
649,2004.02.16.22.32.39,ALERT,23.9624,19.5019,STABLE,0
650,2004.02.16.22.42.39,WATCH,23.6921,19.73952,STABLE,0
651,2004.02.16.22.52.39,WATCH,24.6726,19.988364,STABLE,0
652,2004.02.16.23.02.39,WATCH,25.7289,20.266796,STABLE,0
653,2004.02.16.23.12.39,WATCH,25.8654,20.540632000000002,STABLE,0
654,2004.02.16.23.22.39,WATCH,26.018,20.827448,STABLE,0
655,2004.02.16.23.32.39,WATCH,26.4582,21.06494,STABLE,0
656,2004.02.16.23.42.39,STABLE,24.4273,21.312796,STABLE,0
657,2004.02.16.23.52.39,WATCH,25.5505,21.580812,STABLE,0
658,2004.02.17.00.02.39,WATCH,26.8337,21.929696000000003,STABLE,0
659,2004.02.17.00.12.39,WATCH,25.356,22.21042,STABLE,0
660,2004.02.17.00.22.39,WATCH,25.2567,22.490516,STABLE,0
661,2004.02.17.00.32.39,WATCH,25.2435,22.487096,STABLE,0
662,2004.02.17.00.42.39,WATCH,26.4526,22.681155999999998,STABLE,0
663,2004.02.17.00.52.39,WATCH,26.3895,22.931232,STABLE,0
664,2004.02.17.01.02.39,WATCH,25.4659,23.226828,STABLE,0
665,2004.02.17.01.12.39,WATCH,25.5236,23.5319,STABLE,0
666,2004.02.17.01.22.39,WATCH,26.0147,23.854836,STABLE,0
667,2004.02.17.01.32.39,WATCH,26.3222,24.1477,STABLE,0
668,2004.02.17.01.42.39,WATCH,25.7984,24.411887999999998,STABLE,0
669,2004.02.17.01.52.39,WATCH,25.7355,24.690324,STABLE,0
670,2004.02.17.02.02.39,WATCH,26.0514,24.918296,STABLE,0
671,2004.02.17.02.12.39,WATCH,26.4094,25.197844000000003,STABLE,0
672,2004.02.17.02.22.39,WATCH,25.587,25.455904,STABLE,0
673,2004.02.17.02.32.39,WATCH,23.8297,25.545808,STABLE,0
674,2004.02.17.02.42.39,WATCH,22.4198,25.484104,STABLE,0
675,2004.02.17.02.52.39,WATCH,24.4152,25.513028,STABLE,0
676,2004.02.17.03.02.39,WATCH,24.857,25.520404,STABLE,0
677,2004.02.17.03.12.39,WATCH,24.1346,25.456632,STABLE,0
678,2004.02.17.03.22.39,WATCH,25.2011,25.430060000000005,STABLE,0
679,2004.02.17.03.32.39,WATCH,25.5702,25.412148000000002,STABLE,0
680,2004.02.17.03.42.39,WATCH,24.4087,25.330168,STABLE,0
681,2004.02.17.03.52.39,WATCH,25.2066,25.36134,STABLE,0
682,2004.02.17.04.02.39,WATCH,24.3179,25.312036,STABLE,0
683,2004.02.17.04.12.39,WATCH,25.0937,25.242435999999998,STABLE,0
684,2004.02.17.04.22.39,WATCH,24.7836,25.21954,STABLE,0
685,2004.02.17.04.32.39,WATCH,25.4524,25.227368000000002,STABLE,0
686,2004.02.17.04.42.39,WATCH,26.792,25.289308000000002,STABLE,0
687,2004.02.17.04.52.39,WATCH,26.1167,25.275872000000003,STABLE,0
688,2004.02.17.05.02.39,WATCH,26.6436,25.286036,STABLE,0
689,2004.02.17.05.12.39,WATCH,26.6121,25.331884,STABLE,0
690,2004.02.17.05.22.39,WATCH,26.0608,25.353372,STABLE,0
691,2004.02.17.05.32.39,WATCH,25.8978,25.348696,STABLE,0
692,2004.02.17.05.42.39,WATCH,26.6649,25.362404,STABLE,0
693,2004.02.17.05.52.39,WATCH,26.3232,25.383396,STABLE,0
694,2004.02.17.06.02.39,WATCH,26.6695,25.420756,STABLE,0
695,2004.02.17.06.12.39,WATCH,26.4049,25.434896,STABLE,0
696,2004.02.17.06.22.39,WATCH,25.7162,25.407168,STABLE,0
697,2004.02.17.06.32.39,WATCH,26.4563,25.44194,STABLE,0
698,2004.02.17.06.42.39,WATCH,27.3845,25.584132,STABLE,0
699,2004.02.17.06.52.39,WATCH,27.0279,25.768456,STABLE,0
700,2004.02.17.07.02.39,WATCH,27.5014,25.891904,STABLE,0
701,2004.02.17.07.12.39,WATCH,29.5565,26.079884000000003,STABLE,0
702,2004.02.17.07.22.39,WATCH,33.6564,26.460755999999996,STABLE,0
703,2004.02.17.07.32.39,ALERT,53.3387,27.586259999999996,STABLE,0
704,2004.02.17.07.42.39,ALERT,65.016,29.164092,WATCH,1
705,2004.02.17.07.52.39,ALERT,72.4559,31.08598,WATCH,1
706,2004.02.17.08.02.39,ALERT,74.758,33.068036,WATCH,1
707,2004.02.17.08.12.39,ALERT,73.7983,35.047252,WATCH,1
708,2004.02.17.08.22.39,WATCH,75.9242,37.080472,WATCH,1
709,2004.02.17.08.32.39,WATCH,74.3793,39.0643,WATCH,1
710,2004.02.17.08.42.39,WATCH,72.9656,40.964828,WATCH,1
711,2004.02.17.08.52.39,WATCH,76.0621,42.935632,WATCH,1
712,2004.02.17.09.02.39,WATCH,75.8924,44.92666,WATCH,1
713,2004.02.17.09.12.39,WATCH,75.2144,46.869492,WATCH,1
714,2004.02.17.09.22.39,WATCH,74.7625,48.795508,WATCH,1
715,2004.02.17.09.32.39,WATCH,75.246,50.762916000000004,WATCH,1
716,2004.02.17.09.42.39,WATCH,76.6094,52.79138,WATCH,1
717,2004.02.17.09.52.39,WATCH,74.6548,54.710976,WATCH,1
718,2004.02.17.10.02.39,WATCH,73.5313,56.5993,WATCH,1
719,2004.02.17.10.12.39,WATCH,72.9636,58.451064,WATCH,1
720,2004.02.17.10.22.39,WATCH,72.8929,60.310584,WATCH,1
721,2004.02.17.10.32.39,WATCH,71.4498,62.139928,WATCH,1
722,2004.02.17.10.42.39,WATCH,70.965,63.920275999999994,WATCH,1
723,2004.02.17.10.52.39,WATCH,68.432,65.562176,WATCH,1
724,2004.02.17.11.02.39,WATCH,67.2176,67.169764,WATCH,1
725,2004.02.17.11.12.39,WATCH,66.5919,68.733384,WATCH,1
726,2004.02.17.11.22.39,WATCH,69.4501,70.329128,WATCH,1
727,2004.02.17.11.32.39,WATCH,71.2013,71.830924,WATCH,1
728,2004.02.17.11.42.39,WATCH,71.3772,72.552464,WATCH,1
729,2004.02.17.11.52.39,WATCH,71.2998,72.80381600000001,WATCH,1
730,2004.02.17.12.02.39,WATCH,70.6893,72.733152,ALERT,2
731,2004.02.17.12.12.39,WATCH,72.3063,72.635084,ALERT,2
732,2004.02.17.12.22.39,WATCH,69.0387,72.4447,ALERT,2
733,2004.02.17.12.32.39,WATCH,68.2077,72.13604000000001,ALERT,2
734,2004.02.17.12.42.39,WATCH,65.6081,71.785192,ALERT,2
735,2004.02.17.12.52.39,WATCH,64.072,71.42944800000001,ALERT,2
736,2004.02.17.13.02.39,WATCH,63.4479,70.92488,ALERT,2
737,2004.02.17.13.12.39,WATCH,65.022,70.49006399999999,ALERT,2
738,2004.02.17.13.22.39,WATCH,66.2437,70.131236,ALERT,2
739,2004.02.17.13.32.39,WATCH,62.37,69.635536,ALERT,2
740,2004.02.17.13.42.39,WATCH,60.5252,69.046704,ALERT,2
741,2004.02.17.13.52.39,WATCH,62.3259,68.47536400000001,ALERT,2
742,2004.02.17.14.02.39,WATCH,60.3148,67.901764,ALERT,2
743,2004.02.17.14.12.39,WATCH,59.4714,67.339368,ALERT,2
744,2004.02.17.14.22.39,WATCH,56.7945,66.692604,ALERT,2
745,2004.02.17.14.32.39,WATCH,56.5905,66.040508,ALERT,2
746,2004.02.17.14.42.39,WATCH,58.0938,65.506268,ALERT,2
747,2004.02.17.14.52.39,WATCH,58.4685,65.00640800000001,ALERT,2
748,2004.02.17.15.02.39,WATCH,55.8709,64.50396400000001,ALERT,2
749,2004.02.17.15.12.39,WATCH,57.6836,64.122604,ALERT,2
750,2004.02.17.15.22.39,WATCH,54.3957,63.634755999999996,ALERT,2
751,2004.02.17.15.32.39,WATCH,58.2495,63.186732,ALERT,2
752,2004.02.17.15.42.39,WATCH,58.25,62.66868,ALERT,2
753,2004.02.17.15.52.39,WATCH,55.5179,62.03430799999999,ALERT,2
754,2004.02.17.16.02.39,WATCH,56.1216,61.42718,ALERT,2
755,2004.02.17.16.12.39,WATCH,52.0146,60.680192,ALERT,2
756,2004.02.17.16.22.39,WATCH,47.7786,59.69908399999999,ALERT,2
757,2004.02.17.16.32.39,WATCH,47.7972,58.849424,ALERT,2
758,2004.02.17.16.42.39,WATCH,42.3475,57.81501599999999,ALERT,2
759,2004.02.17.16.52.39,WATCH,41.8098,56.863084,ALERT,2
760,2004.02.17.17.02.39,WATCH,37.605,55.804404,ALERT,2
761,2004.02.17.17.12.39,WATCH,37.168,54.753208,ALERT,2
762,2004.02.17.17.22.39,WATCH,37.0174,53.633024000000006,ALERT,2
763,2004.02.17.17.32.39,WATCH,34.3932,52.359004000000006,ALERT,2
764,2004.02.17.17.42.39,WATCH,33.538,51.205724000000004,ALERT,2
765,2004.02.17.17.52.39,WATCH,31.3325,50.038016,ALERT,2
766,2004.02.17.18.02.39,WATCH,30.24,48.75458,ALERT,2
767,2004.02.17.18.12.39,WATCH,28.1486,47.467932,ALERT,2
768,2004.02.17.18.22.39,WATCH,28.0583,46.211408,ALERT,2
769,2004.02.17.18.32.39,WATCH,27.8933,45.05535999999999,ALERT,2
770,2004.02.17.18.42.39,WATCH,26.6964,43.85959599999999,ALERT,2
771,2004.02.17.18.52.39,WATCH,26.2952,42.587652,ALERT,2
772,2004.02.17.19.02.39,WATCH,25.001,41.248952,ALERT,2
773,2004.02.17.19.12.39,WATCH,25.4451,40.03192,ALERT,2
774,2004.02.17.19.22.39,WATCH,24.0162,38.685224,ALERT,2
775,2004.02.17.19.32.39,WATCH,23.7278,37.458507999999995,ALERT,2
776,2004.02.17.19.42.39,WATCH,20.8287,35.961676000000004,ALERT,2
777,2004.02.17.19.52.39,WATCH,21.5615,34.494136000000005,ALERT,2
778,2004.02.17.20.02.39,WATCH,20.9319,33.110696,ALERT,2
779,2004.02.17.20.12.39,WATCH,20.4437,31.683580000000003,ALERT,2
780,2004.02.17.20.22.39,WATCH,20.2454,30.412812,ALERT,2
781,2004.02.17.20.32.39,WATCH,21.5232,29.362596,ALERT,2
782,2004.02.17.20.42.39,WATCH,19.8104,28.243123999999998,ALERT,2
783,2004.02.17.20.52.39,WATCH,21.1965,27.397084,ALERT,2
784,2004.02.17.21.02.39,WATCH,19.9694,26.523468,ALERT,2
785,2004.02.17.21.12.39,WATCH,18.9344,25.776644,ALERT,2
786,2004.02.17.21.22.39,WATCH,18.2765,25.020984,ALERT,2
787,2004.02.17.21.32.39,WATCH,19.3568,24.31456,ALERT,2
788,2004.02.17.21.42.39,WATCH,18.5072,23.679119999999998,ALERT,2
789,2004.02.17.21.52.39,WATCH,20.8115,23.17006,ALERT,2
790,2004.02.17.22.02.39,WATCH,19.288,22.68828,ALERT,2
791,2004.02.17.22.12.39,WATCH,18.5768,22.221751999999995,ALERT,2
792,2004.02.17.22.22.39,WATCH,20.1303,21.90102,ALERT,2
793,2004.02.17.22.32.39,WATCH,20.5597,21.601076000000003,ALERT,2
794,2004.02.17.22.42.39,WATCH,21.8723,21.360236,ALERT,2
795,2004.02.17.22.52.39,WATCH,22.2945,21.184160000000002,ALERT,2
796,2004.02.17.23.02.39,WATCH,22.1903,21.019964,ALERT,2
797,2004.02.17.23.12.39,WATCH,23.0771,20.943008,ALERT,2
798,2004.02.17.23.22.39,WATCH,23.1421,20.850888,ALERT,2
799,2004.02.17.23.32.39,WATCH,20.9469,20.728116,ALERT,2
800,2004.02.17.23.42.39,WATCH,21.8508,20.653036,ALERT,2
801,2004.02.17.23.52.39,WATCH,23.0233,20.74082,ALERT,2
802,2004.02.18.00.02.39,WATCH,22.9729,20.797276,ALERT,2
803,2004.02.18.00.12.39,WATCH,23.352,20.89408,ALERT,2
804,2004.02.18.00.22.39,WATCH,23.5024,21.016428,ALERT,2
805,2004.02.18.00.32.39,WATCH,24.1457,21.172439999999998,ALERT,2
806,2004.02.18.00.42.39,WATCH,24.2022,21.279600000000002,ALERT,2
807,2004.02.18.00.52.39,WATCH,25.0351,21.488588,ALERT,2
808,2004.02.18.01.02.39,WATCH,25.6378,21.666240000000002,ALERT,2
809,2004.02.18.01.12.39,WATCH,24.5799,21.850659999999998,ALERT,2
810,2004.02.18.01.22.39,WATCH,25.5479,22.1152,ALERT,2
811,2004.02.18.01.32.39,WATCH,26.5889,22.447696,ALERT,2
812,2004.02.18.01.42.39,WATCH,28.1173,22.798116,ALERT,2
813,2004.02.18.01.52.39,WATCH,25.7971,23.089712,ALERT,2
814,2004.02.18.02.02.39,WATCH,26.1591,23.303615999999998,ALERT,2
815,2004.02.18.02.12.39,WATCH,26.5857,23.595524,ALERT,2
816,2004.02.18.02.22.39,WATCH,27.195,23.940252,ALERT,2
817,2004.02.18.02.32.39,WATCH,26.7832,24.206367999999998,ALERT,2
818,2004.02.18.02.42.39,WATCH,26.733,24.4533,ALERT,2
819,2004.02.18.02.52.39,WATCH,27.7619,24.688883999999998,ALERT,2
820,2004.02.18.03.02.39,WATCH,27.9522,24.915192,ALERT,2
821,2004.02.18.03.12.39,WATCH,27.0246,25.108564,ALERT,2
822,2004.02.18.03.22.39,WATCH,28.0262,25.306528,ALERT,2
823,2004.02.18.03.32.39,WATCH,28.9291,25.538008,ALERT,2
824,2004.02.18.03.42.39,WATCH,38.2554,26.230348,ALERT,2
825,2004.02.18.03.52.39,ALERT,43.6577,27.102623999999995,ALERT,2
826,2004.02.18.04.02.39,ALERT,45.0717,27.984560000000002,ALERT,2
827,2004.02.18.04.12.39,ALERT,47.8742,28.980612,ALERT,2
828,2004.02.18.04.22.39,ALERT,48.8126,29.999036,ALERT,2
829,2004.02.18.04.32.39,ALERT,50.7723,31.089831999999998,ALERT,2
830,2004.02.18.04.42.39,ALERT,51.4215,32.180864,ALERT,2
831,2004.02.18.04.52.39,ALERT,51.1387,33.258323999999995,ALERT,2
832,2004.02.18.05.02.39,ALERT,53.8071,34.409204,ALERT,2
833,2004.02.18.05.12.39,ALERT,53.1069,35.507968,ALERT,2
834,2004.02.18.05.22.39,WATCH,55.2491,36.734736000000005,ALERT,2
835,2004.02.18.05.32.39,WATCH,56.9603,37.991232,ALERT,2
836,2004.02.18.05.42.39,WATCH,60.013,39.328196000000005,ALERT,2
837,2004.02.18.05.52.39,WATCH,60.6464,40.62936,ALERT,2
838,2004.02.18.06.02.39,WATCH,61.2619,42.047952,ALERT,2
839,2004.02.18.06.12.39,WATCH,64.0534,43.563724,ALERT,2
840,2004.02.18.06.22.39,WATCH,65.3504,45.114312,ALERT,2
841,2004.02.18.06.32.39,WATCH,63.683,46.573831999999996,ALERT,2
842,2004.02.18.06.42.39,WATCH,64.4989,48.08246,ALERT,2
843,2004.02.18.06.52.39,WATCH,64.9668,49.61181200000001,ALERT,2
844,2004.02.18.07.02.39,WATCH,64.9727,51.100243999999996,ALERT,2
845,2004.02.18.07.12.39,WATCH,66.3623,52.636647999999994,ALERT,2
846,2004.02.18.07.22.39,WATCH,66.9531,54.233788000000004,ALERT,2
847,2004.02.18.07.32.39,WATCH,66.9621,55.791224,ALERT,2
848,2004.02.18.07.42.39,WATCH,66.7371,57.303544,ALERT,2
849,2004.02.18.07.52.39,WATCH,68.6622,58.519816,ALERT,2
850,2004.02.18.08.02.39,WATCH,70.6837,59.60085599999999,ALERT,2
851,2004.02.18.08.12.39,WATCH,71.7968,60.66986,ALERT,2
852,2004.02.18.08.22.39,WATCH,71.7434,61.624628,ALERT,2
853,2004.02.18.08.32.39,WATCH,70.3001,62.484128,ALERT,2
854,2004.02.18.08.42.39,WATCH,67.9595,63.17161599999999,ALERT,2
855,2004.02.18.08.52.39,WATCH,65.8437,63.748504000000004,ALERT,2
856,2004.02.18.09.02.39,WATCH,65.7853,64.334368,ALERT,2
857,2004.02.18.09.12.39,WATCH,68.2796,64.913268,ALERT,2
858,2004.02.18.09.22.39,WATCH,72.0404,65.670608,ALERT,2
859,2004.02.18.09.32.39,WATCH,67.7541,66.17080800000001,ALERT,2
860,2004.02.18.09.42.39,WATCH,65.9683,66.53112800000001,ALERT,2
861,2004.02.18.09.52.39,WATCH,65.5083,66.75094,ALERT,2
862,2004.02.18.10.02.39,WATCH,64.4046,66.90126800000002,ALERT,2
863,2004.02.18.10.12.39,WATCH,66.4478,67.108704,ALERT,2
864,2004.02.18.10.22.39,WATCH,67.3379,67.24008400000001,ALERT,2
865,2004.02.18.10.32.39,WATCH,68.3735,67.361008,ALERT,2
866,2004.02.18.10.42.39,WATCH,68.8568,67.56796,ALERT,2
867,2004.02.18.10.52.39,WATCH,65.9055,67.624224,ALERT,2
868,2004.02.18.11.02.39,WATCH,62.6723,67.532444,ALERT,2
869,2004.02.18.11.12.39,WATCH,58.3793,67.268708,ALERT,2
870,2004.02.18.11.22.39,WATCH,55.7399,66.84381200000001,ALERT,2
871,2004.02.18.11.32.39,WATCH,54.3456,66.339512,ALERT,2
872,2004.02.18.11.42.39,WATCH,53.7863,65.81248,ALERT,2
873,2004.02.18.11.52.39,WATCH,60.6358,65.568428,ALERT,2
874,2004.02.18.12.02.39,WATCH,66.009,65.4623,ALERT,2
875,2004.02.18.12.12.39,WATCH,62.3735,65.12989200000001,ALERT,2
876,2004.02.18.12.22.39,WATCH,61.8533,64.732152,ALERT,2
877,2004.02.18.12.32.39,WATCH,61.4094,64.318792,ALERT,2
878,2004.02.18.12.42.39,WATCH,58.9198,63.86358,ALERT,2
879,2004.02.18.12.52.39,WATCH,55.485,63.36460000000001,ALERT,2
880,2004.02.18.13.02.39,WATCH,54.6699,62.917648,ALERT,2
881,2004.02.18.13.12.39,WATCH,54.9439,62.483992,ALERT,2
882,2004.02.18.13.22.39,WATCH,53.7432,61.902536,ALERT,2
883,2004.02.18.13.32.39,WATCH,51.984,61.100280000000005,ALERT,2
884,2004.02.18.13.42.39,WATCH,51.6996,60.458099999999995,ALERT,2
885,2004.02.18.13.52.39,WATCH,52.7185,59.928108,ALERT,2
886,2004.02.18.14.02.39,WATCH,53.4156,59.444399999999995,ALERT,2
887,2004.02.18.14.12.39,WATCH,53.6775,59.01531599999999,ALERT,2
888,2004.02.18.14.22.39,WATCH,52.0667,58.440072,ALERT,2
889,2004.02.18.14.32.39,WATCH,52.6189,57.851312,ALERT,2
890,2004.02.18.14.42.39,WATCH,55.4742,57.33534,ALERT,2
891,2004.02.18.14.52.39,WATCH,54.7979,56.77298400000001,ALERT,2
892,2004.02.18.15.02.39,WATCH,50.6746,56.163748,ALERT,2
893,2004.02.18.15.12.39,WATCH,44.5204,55.437672,ALERT,2
894,2004.02.18.15.22.39,WATCH,40.9905,54.74211999999999,ALERT,2
895,2004.02.18.15.32.39,WATCH,37.3111,54.004968,ALERT,2
896,2004.02.18.15.42.39,WATCH,33.6223,53.176036,ALERT,2
897,2004.02.18.15.52.39,WATCH,31.6882,52.292112,ALERT,2
898,2004.02.18.16.02.39,WATCH,29.1446,51.032464,ALERT,2
899,2004.02.18.16.12.39,WATCH,27.9215,49.508964000000006,ALERT,2
900,2004.02.18.16.22.39,WATCH,27.8209,48.12685999999999,ALERT,2
901,2004.02.18.16.32.39,WATCH,27.8081,46.765052,ALERT,2
902,2004.02.18.16.42.39,WATCH,30.1933,45.51640799999999,ALERT,2
903,2004.02.18.16.52.39,WATCH,33.3205,44.492436,ALERT,2
904,2004.02.18.17.02.39,WATCH,39.9482,43.870963999999994,ALERT,2
905,2004.02.18.17.12.39,WATCH,47.983,43.603488,ALERT,2
906,2004.02.18.17.22.39,WATCH,55.9469,43.643608,ALERT,2
907,2004.02.18.17.32.39,WATCH,65.1431,44.099604,ALERT,2
908,2004.02.18.17.42.39,WATCH,77.525,45.121244,ALERT,2
909,2004.02.18.17.52.39,WATCH,81.9105,46.32968000000001,ALERT,2
910,2004.02.18.18.02.39,WATCH,83.7867,47.572407999999996,ALERT,2
911,2004.02.18.18.12.39,WATCH,78.8325,48.589084,ALERT,2
912,2004.02.18.18.22.39,WATCH,74.6075,49.426284,ALERT,2
913,2004.02.18.18.32.39,WATCH,73.5542,50.28578400000001,ALERT,2
914,2004.02.18.18.42.39,WATCH,73.2481,51.110952,ALERT,2
915,2004.02.18.18.52.39,WATCH,81.5453,52.153796,ALERT,2
916,2004.02.18.19.02.39,WATCH,84.3188,53.33463199999999,ALERT,2
917,2004.02.18.19.12.39,WATCH,79.0158,54.46828000000001,ALERT,2
918,2004.02.18.19.22.39,WATCH,66.3706,55.342287999999996,ALERT,2
919,2004.02.18.19.32.39,WATCH,62.7164,56.211324000000005,ALERT,2
920,2004.02.18.19.42.39,WATCH,57.9376,57.036384,ALERT,2
921,2004.02.18.19.52.39,WATCH,58.2828,58.022803999999994,ALERT,2
922,2004.02.18.20.02.39,WATCH,56.032,58.996556,ALERT,2
923,2004.02.18.20.12.39,WATCH,59.8411,60.224416,ALERT,2
924,2004.02.18.20.22.39,WATCH,60.3506,61.52157999999999,ALERT,2
925,2004.02.18.20.32.39,WATCH,57.914,62.725303999999994,ALERT,2
926,2004.02.18.20.42.39,WATCH,54.8837,63.808328,ALERT,2
927,2004.02.18.20.52.39,WATCH,49.7591,64.59096000000001,ALERT,2
928,2004.02.18.21.02.39,WATCH,45.7286,65.087284,ALERT,2
929,2004.02.18.21.12.39,WATCH,46.1488,65.335308,ALERT,2
930,2004.02.18.21.22.39,WATCH,50.8121,65.448472,ALERT,2
931,2004.02.18.21.32.39,WATCH,52.9063,65.326848,ALERT,2
932,2004.02.18.21.42.39,WATCH,57.0612,65.00357199999999,ALERT,2
933,2004.02.18.21.52.39,WATCH,62.1293,64.387744,ALERT,2
934,2004.02.18.22.02.39,WATCH,69.0851,63.874728,ALERT,2
935,2004.02.18.22.12.39,WATCH,81.9072,63.799547999999994,ALERT,2
936,2004.02.18.22.22.39,ALERT,103.5977,64.790156,ALERT,2
937,2004.02.18.22.32.39,ALERT,88.6364,65.351312,ALERT,2
938,2004.02.18.22.42.39,WATCH,81.281,65.660384,ALERT,2
939,2004.02.18.22.52.39,WATCH,78.0596,65.852844,ALERT,2
940,2004.02.18.23.02.39,WATCH,64.2882,65.16256,ALERT,2
941,2004.02.18.23.12.39,WATCH,53.9279,63.94692400000001,ALERT,2
942,2004.02.18.23.22.39,WATCH,51.326,62.83933199999999,ALERT,2
943,2004.02.18.23.32.39,WATCH,50.5157,62.205136,ALERT,2
944,2004.02.18.23.42.39,WATCH,66.8667,62.371148000000005,ALERT,2
945,2004.02.18.23.52.39,WATCH,70.9559,62.89188,ALERT,2
946,2004.02.19.00.02.39,WATCH,79.3619,63.735043999999995,ALERT,2
947,2004.02.19.00.12.39,WATCH,70.9903,64.333376,ALERT,2
948,2004.02.19.00.22.39,WATCH,60.313,64.352252,ALERT,2
949,2004.02.19.00.32.39,WATCH,54.3142,64.110796,ALERT,2
950,2004.02.19.00.42.39,WATCH,52.6286,63.89938,ALERT,2
951,2004.02.19.00.52.39,WATCH,58.0519,64.02610800000001,ALERT,2
952,2004.02.19.01.02.39,WATCH,71.1366,64.881208,ALERT,2
953,2004.02.19.01.12.39,WATCH,85.5957,66.475892,ALERT,2
954,2004.02.19.01.22.39,WATCH,81.799,67.9019,ALERT,2
955,2004.02.19.01.32.39,WATCH,95.7601,69.69982,ALERT,2
956,2004.02.19.01.42.39,WATCH,90.7721,71.214452,ALERT,2
957,2004.02.19.01.52.39,WATCH,96.5796,72.795188,ALERT,2
958,2004.02.19.02.02.39,WATCH,96.8795,74.18519599999999,ALERT,2
959,2004.02.19.02.12.39,WATCH,119.5285,76.202932,ALERT,2
960,2004.02.19.02.22.39,WATCH,106.5585,77.188984,ALERT,2
961,2004.02.19.02.32.39,WATCH,94.3835,76.82041600000001,ALERT,2
962,2004.02.19.02.42.39,WATCH,97.1913,77.162612,ALERT,2
963,2004.02.19.02.52.39,ALERT,85.8544,77.345548,ALERT,2
964,2004.02.19.03.02.39,ALERT,88.8466,77.777028,ALERT,2
965,2004.02.19.03.12.39,WATCH,96.9533,79.083632,ALERT,2
966,2004.02.19.03.22.39,WATCH,113.722,81.47539599999999,ALERT,2
967,2004.02.19.03.32.39,WATCH,118.1413,84.148008,ALERT,2
968,2004.02.19.03.42.39,WATCH,142.6153,87.83199200000001,ALERT,2
969,2004.02.19.03.52.39,WATCH,148.846,91.111164,ALERT,2
970,2004.02.19.04.02.39,WATCH,154.9463,94.47078000000002,ALERT,2
971,2004.02.19.04.12.39,WATCH,161.1171,97.740988,ALERT,2
972,2004.02.19.04.22.39,ALERT,193.867,102.65605599999999,ALERT,2
973,2004.02.19.04.32.39,ALERT,216.3083,108.895868,ALERT,2
974,2004.02.19.04.42.39,WATCH,219.1284,115.48843600000001,ALERT,2
975,2004.02.19.04.52.39,WATCH,245.0848,123.186684,ALERT,2
976,2004.02.19.05.02.39,WATCH,344.6129,134.649124,ALERT,2
977,2004.02.19.05.12.39,WATCH,334.5041,145.183824,ALERT,2
978,2004.02.19.05.22.39,WATCH,305.5298,153.981188,ALERT,2
979,2004.02.19.05.32.39,WATCH,264.2079,161.277544,ALERT,2
980,2004.02.19.05.42.39,WATCH,370.9518,172.285212,ALERT,2
981,2004.02.19.05.52.39,WATCH,323.7812,181.605576,ALERT,2
982,2004.02.19.06.02.39,WATCH,300.2128,189.75090400000002,ALERT,2
983,2004.02.19.06.12.39,WATCH,145.1567,191.68199199999998,ALERT,2
984,2004.02.19.06.22.39,WATCH,71.1468,189.74672400000003,ALERT,2
