t,file_name,drift,drift_smooth,state,state_num,drift_diff
1,2004.02.12.10.32.39,0.0,0.0,STABLE,0,
2,2004.02.12.10.42.39,0.0,0.0,STABLE,0,0.0
3,2004.02.12.10.52.39,0.0,0.0,STABLE,0,0.0
4,2004.02.12.11.02.39,0.0,0.0,STABLE,0,0.0
5,2004.02.12.11.12.39,0.0,0.0,STABLE,0,0.0
6,2004.02.12.11.22.39,0.0,0.0,STABLE,0,0.0
7,2004.02.12.11.32.39,0.0,0.0,STABLE,0,0.0
8,2004.02.12.11.42.39,0.0,0.0,STABLE,0,0.0
9,2004.02.12.11.52.39,0.0,0.0,STABLE,0,0.0
10,2004.02.12.12.02.39,0.0,0.0,STABLE,0,0.0
11,2004.02.12.12.12.39,0.0,0.0,STABLE,0,0.0
12,2004.02.12.12.22.39,0.0,0.0,STABLE,0,0.0
13,2004.02.12.12.32.39,0.0,0.0,STABLE,0,0.0
14,2004.02.12.12.42.39,0.0,0.0,STABLE,0,0.0
15,2004.02.12.12.52.39,0.0,0.0,STABLE,0,0.0
16,2004.02.12.13.02.39,0.0,0.0,STABLE,0,0.0
17,2004.02.12.13.12.39,0.0,0.0,STABLE,0,0.0
18,2004.02.12.13.22.39,0.0,0.0,STABLE,0,0.0
19,2004.02.12.13.32.39,0.0,0.0,STABLE,0,0.0
20,2004.02.12.13.42.39,0.0,0.0,STABLE,0,0.0
21,2004.02.12.13.52.39,0.0,0.0,STABLE,0,0.0
22,2004.02.12.14.02.39,0.0,0.0,STABLE,0,0.0
23,2004.02.12.14.12.39,0.0,0.0,STABLE,0,0.0
24,2004.02.12.14.22.39,0.7759,0.032329166666666666,STABLE,0,0.032329166666666666
25,2004.02.12.14.32.39,0.6514,0.057092000000000004,STABLE,0,0.024762833333333338
26,2004.02.12.14.42.39,0.5241,0.078056,STABLE,0,0.020963999999999997
27,2004.02.12.14.52.39,0.8832,0.113384,STABLE,0,0.035328
28,2004.02.12.15.02.39,0.7399,0.14298,STABLE,0,0.029595999999999997
29,2004.02.12.15.12.39,0.5297,0.16416799999999998,STABLE,0,0.021187999999999985
30,2004.02.12.15.22.39,0.7431,0.19389199999999998,STABLE,0,0.029724
31,2004.02.12.15.32.39,0.81,0.22629200000000002,STABLE,0,0.03240000000000004
32,2004.02.12.15.42.39,0.8546,0.260476,STABLE,0,0.034183999999999964
33,2004.02.12.15.52.39,0.8978,0.296388,STABLE,0,0.035912
34,2004.02.12.16.02.39,0.7996,0.32837200000000005,STABLE,0,0.03198400000000007
35,2004.02.12.16.12.39,1.1088,0.372724,STABLE,0,0.04435199999999995
36,2004.02.12.16.22.39,1.1351,0.41812800000000006,STABLE,0,0.045404000000000055
37,2004.02.12.16.32.39,1.1961,0.465972,STABLE,0,0.04784399999999994
38,2004.02.12.16.42.39,1.0877,0.50948,STABLE,0,0.04350800000000005
39,2004.02.12.16.52.39,0.885,0.54488,STABLE,0,0.03539999999999999
40,2004.02.12.17.02.39,1.0068,0.585152,STABLE,0,0.040271999999999974
41,2004.02.12.17.12.39,1.0938,0.628904,STABLE,0,0.04375200000000001
42,2004.02.12.17.22.39,0.8392,0.662472,STABLE,0,0.03356799999999993
43,2004.02.12.17.32.39,1.0521,0.7045560000000001,STABLE,0,0.04208400000000012
44,2004.02.12.17.42.39,1.2317,0.753824,STABLE,0,0.04926799999999998
45,2004.02.12.17.52.39,1.0974,0.7977200000000001,STABLE,0,0.043896000000000046
46,2004.02.12.18.02.39,1.0974,0.8416159999999999,STABLE,0,0.043895999999999824
47,2004.02.12.18.12.39,0.7771,0.8726999999999999,STABLE,0,0.031084
48,2004.02.12.18.22.39,0.6341,0.898064,STABLE,0,0.025364000000000053
49,2004.02.12.18.32.39,0.9459,0.904864,STABLE,0,0.006800000000000028
50,2004.02.12.18.42.39,1.1609,0.925244,STABLE,0,0.020379999999999954
51,2004.02.12.18.52.39,1.2382,0.953808,STABLE,0,0.028564000000000034
52,2004.02.12.19.02.39,1.3815,0.9737399999999999,STABLE,0,0.01993199999999995
53,2004.02.12.19.12.39,1.1501,0.9901479999999999,STABLE,0,0.016407999999999978
54,2004.02.12.19.22.39,1.6056,1.0331839999999999,STABLE,0,0.04303599999999996
55,2004.02.12.19.32.39,1.1072,1.047748,STABLE,0,0.014564000000000021
56,2004.02.12.19.42.39,1.1931,1.063072,STABLE,0,0.015324000000000115
57,2004.02.12.19.52.39,1.2352,1.078296,STABLE,0,0.015223999999999904
58,2004.02.12.20.02.39,1.2349,1.09178,STABLE,0,0.013484000000000052
59,2004.02.12.20.12.39,1.3067,1.112064,STABLE,0,0.02028399999999997
60,2004.02.12.20.22.39,1.5139,1.1282679999999998,STABLE,0,0.016203999999999885
61,2004.02.12.20.32.39,1.0796,1.126048,STABLE,0,-0.0022199999999998887
62,2004.02.12.20.42.39,1.2204,1.12702,STABLE,0,0.0009719999999999729
63,2004.02.12.20.52.39,1.0205,1.1243319999999999,STABLE,0,-0.0026880000000000237
64,2004.02.12.21.02.39,1.5187,1.14968,STABLE,0,0.025348000000000148
65,2004.02.12.21.12.39,1.0229,1.1503240000000001,STABLE,0,0.0006440000000000889
66,2004.02.12.21.22.39,1.4905,1.166192,STABLE,0,0.01586799999999977
67,2004.02.12.21.32.39,1.3036,1.184768,STABLE,0,0.018576000000000148
68,2004.02.12.21.42.39,1.4259,1.19972,STABLE,0,0.014951999999999854
69,2004.02.12.21.52.39,1.4606,1.2088759999999998,STABLE,0,0.009155999999999942
70,2004.02.12.22.02.39,1.516,1.22562,STABLE,0,0.016744000000000092
71,2004.02.12.22.12.39,1.4503,1.239736,STABLE,0,0.014116000000000017
72,2004.02.12.22.22.39,1.5609,1.271088,STABLE,0,0.031352000000000046
73,2004.02.12.22.32.39,1.6334,1.31106,STABLE,0,0.039971999999999897
74,2004.02.12.22.42.39,1.8554,1.34744,STABLE,0,0.03638000000000008
75,2004.02.12.22.52.39,1.5023,1.361096,STABLE,0,0.013656000000000112
76,2004.02.12.23.02.39,1.5479,1.373484,STABLE,0,0.012387999999999844
77,2004.02.12.23.12.39,1.7182,1.386952,STABLE,0,0.013468000000000035
78,2004.02.12.23.22.39,1.4292,1.398116,STABLE,0,0.011163999999999952
79,2004.02.12.23.32.39,1.7681,1.404616,STABLE,0,0.006500000000000172
80,2004.02.12.23.42.39,1.4853,1.4197400000000002,STABLE,0,0.015124000000000137
81,2004.02.12.23.52.39,0.9935,1.411756,STABLE,0,-0.007984000000000213
82,2004.02.13.00.02.39,1.5591,1.4247120000000002,STABLE,0,0.01295600000000019
83,2004.02.13.00.12.39,1.4875,1.4348159999999999,STABLE,0,0.010103999999999669
84,2004.02.13.00.22.39,1.571,1.4453880000000001,STABLE,0,0.010572000000000248
85,2004.02.13.00.32.39,1.8084,1.457168,STABLE,0,0.011779999999999902
86,2004.02.13.00.42.39,1.7894,1.4855600000000002,STABLE,0,0.028392000000000195
87,2004.02.13.00.52.39,1.3228,1.4896560000000003,STABLE,0,0.0040960000000000996
88,2004.02.13.01.02.39,1.6875,1.516336,STABLE,0,0.026679999999999593
89,2004.02.13.01.12.39,1.4815,1.514848,STABLE,0,-0.0014879999999999338
90,2004.02.13.01.22.39,1.137,1.519412,STABLE,0,0.0045640000000000125
91,2004.02.13.01.32.39,1.114,1.504352,STABLE,0,-0.015060000000000073
92,2004.02.13.01.42.39,1.1983,1.50014,STABLE,0,-0.0042119999999998825
93,2004.02.13.01.52.39,1.1598,1.489496,STABLE,0,-0.010644000000000098
94,2004.02.13.02.02.39,1.5488,1.4930239999999997,STABLE,0,0.0035279999999997536
95,2004.02.13.02.12.39,1.1476,1.478288,STABLE,0,-0.014735999999999638
96,2004.02.13.02.22.39,1.4398,1.477868,STABLE,0,-0.00042000000000008697
97,2004.02.13.02.32.39,1.445,1.473232,STABLE,0,-0.0046359999999998625
98,2004.02.13.02.42.39,1.8928,1.483608,STABLE,0,0.01037599999999994
99,2004.02.13.02.52.39,1.8639,1.483948,STABLE,0,0.00034000000000000696
100,2004.02.13.03.02.39,1.8879,1.499372,STABLE,0,0.015423999999999882
101,2004.02.13.03.12.39,1.5566,1.4997200000000002,STABLE,0,0.000348000000000237
102,2004.02.13.03.22.39,1.7059,1.499228,STABLE,0,-0.000492000000000159
103,2004.02.13.03.32.39,1.6176,1.506764,STABLE,0,0.007535999999999987
104,2004.02.13.03.42.39,1.9968,1.515912,STABLE,0,0.009147999999999934
105,2004.02.13.03.52.39,2.0211,1.537344,STABLE,0,0.021432000000000118
106,2004.02.13.04.02.39,2.0456,1.579428,STABLE,0,0.04208400000000001
107,2004.02.13.04.12.39,1.7447,1.5868520000000002,STABLE,0,0.007424000000000097
108,2004.02.13.04.22.39,1.6266,1.592416,STABLE,0,0.005563999999999902
109,2004.02.13.04.32.39,1.7223,1.5984679999999998,STABLE,0,0.006051999999999724
110,2004.02.13.04.42.39,1.5616,1.588596,STABLE,0,-0.009871999999999881
111,2004.02.13.04.52.39,1.6548,1.5832119999999998,STABLE,0,-0.005384000000000055
112,2004.02.13.05.02.39,1.2574,1.580596,STABLE,0,-0.0026159999999999517
113,2004.02.13.05.12.39,1.3744,1.568072,STABLE,0,-0.01252399999999998
114,2004.02.13.05.22.39,1.6267,1.57388,STABLE,0,0.005808000000000035
115,2004.02.13.05.32.39,1.8698,1.603192,STABLE,0,0.029312000000000005
116,2004.02.13.05.42.39,1.6556,1.624856,STABLE,0,0.021664000000000128
117,2004.02.13.05.52.39,1.337,1.630404,STABLE,0,0.005547999999999886
118,2004.02.13.06.02.39,1.2277,1.6331200000000001,STABLE,0,0.0027160000000001627
119,2004.02.13.06.12.39,1.7238,1.64012,STABLE,0,0.006999999999999895
120,2004.02.13.06.22.39,1.5014,1.654272,STABLE,0,0.014151999999999942
121,2004.02.13.06.32.39,1.9083,1.673012,STABLE,0,0.01873999999999998
122,2004.02.13.06.42.39,1.5161,1.675856,STABLE,0,0.0028440000000000687
123,2004.02.13.06.52.39,1.0462,1.641992,STABLE,0,-0.033864000000000116
124,2004.02.13.07.02.39,1.3451,1.62124,STABLE,0,-0.02075199999999988
125,2004.02.13.07.12.39,1.2335,1.595064,STABLE,0,-0.026175999999999977
126,2004.02.13.07.22.39,1.6478,1.598712,STABLE,0,0.0036479999999998736
127,2004.02.13.07.32.39,1.6776,1.59758,STABLE,0,-0.0011319999999999109
128,2004.02.13.07.42.39,1.6479,1.598792,STABLE,0,0.0012119999999999909
129,2004.02.13.07.52.39,1.5247,1.579908,STABLE,0,-0.0188839999999999
130,2004.02.13.08.02.39,1.7916,1.570728,STABLE,0,-0.009180000000000188
131,2004.02.13.08.12.39,1.8817,1.5641720000000001,STABLE,0,-0.006555999999999784
132,2004.02.13.08.22.39,1.5767,1.5574519999999998,STABLE,0,-0.006720000000000281
133,2004.02.13.08.32.39,1.4987,1.552336,STABLE,0,-0.005115999999999898
134,2004.02.13.08.42.39,1.2281,1.5325680000000004,STABLE,0,-0.019767999999999564
135,2004.02.13.08.52.39,1.33,1.523304,STABLE,0,-0.009264000000000383
136,2004.02.13.09.02.39,1.0458,1.4989440000000003,STABLE,0,-0.024359999999999715
137,2004.02.13.09.12.39,1.3008,1.5006799999999998,STABLE,0,0.0017359999999995157
138,2004.02.13.09.22.39,1.7148,1.5142959999999999,STABLE,0,0.013616000000000072
139,2004.02.13.09.32.39,1.7887,1.520776,STABLE,0,0.006480000000000041
140,2004.02.13.09.42.39,2.0971,1.5298680000000002,STABLE,0,0.009092000000000322
141,2004.02.13.09.52.39,2.0853,1.547056,STABLE,0,0.01718799999999976
142,2004.02.13.10.02.39,1.6832,1.5609039999999998,STABLE,0,0.01384799999999986
143,2004.02.13.10.12.39,1.5357,1.573224,STABLE,0,0.012320000000000109
144,2004.02.13.10.22.39,1.5847,1.5676600000000003,STABLE,0,-0.00556399999999968
145,2004.02.13.10.32.39,1.593,1.571324,STABLE,0,0.0036639999999996675
146,2004.02.13.10.42.39,1.6886,1.5625360000000001,STABLE,0,-0.008787999999999796
147,2004.02.13.10.52.39,1.7833,1.573224,STABLE,0,0.010687999999999809
148,2004.02.13.11.02.39,2.1351,1.6167799999999999,STABLE,0,0.04355599999999993
149,2004.02.13.11.12.39,1.828,1.636096,STABLE,0,0.01931600000000011
150,2004.02.13.11.22.39,1.8131,1.6592799999999999,STABLE,0,0.02318399999999987
151,2004.02.13.11.32.39,2.0048,1.6735600000000002,STABLE,0,0.014280000000000292
152,2004.02.13.11.42.39,1.3627,1.6609639999999999,STABLE,0,-0.012596000000000274
153,2004.02.13.11.52.39,1.557,1.657328,STABLE,0,-0.0036359999999999726
154,2004.02.13.12.02.39,1.5336,1.6576840000000002,STABLE,0,0.000356000000000245
155,2004.02.13.12.12.39,1.6831,1.653344,STABLE,0,-0.0043400000000002326
156,2004.02.13.12.22.39,1.6287,1.6432239999999998,STABLE,0,-0.010120000000000129
157,2004.02.13.12.32.39,1.495,1.639956,STABLE,0,-0.0032679999999998266
158,2004.02.13.12.42.39,1.7017,1.648076,STABLE,0,0.008120000000000127
159,2004.02.13.12.52.39,1.4133,1.655484,STABLE,0,0.007407999999999859
160,2004.02.13.13.02.39,1.2837,1.653632,STABLE,0,-0.0018519999999999648
161,2004.02.13.13.12.39,1.5786,1.6749440000000002,STABLE,0,0.02131200000000022
162,2004.02.13.13.22.39,1.6258,1.6879439999999999,STABLE,0,0.012999999999999678
163,2004.02.13.13.32.39,1.8456,1.693176,STABLE,0,0.0052320000000001254
164,2004.02.13.13.42.39,1.6029,1.685744,STABLE,0,-0.007432000000000105
165,2004.02.13.13.52.39,1.9677,1.6805679999999998,STABLE,0,-0.0051760000000000694
166,2004.02.13.14.02.39,1.7524,1.667252,STABLE,0,-0.013315999999999883
167,2004.02.13.14.12.39,1.7107,1.668352,STABLE,0,0.001100000000000101
168,2004.02.13.14.22.39,1.57,1.6697240000000002,STABLE,0,0.0013720000000001509
169,2004.02.13.14.32.39,1.7684,1.677072,STABLE,0,0.007347999999999688
170,2004.02.13.14.42.39,2.043,1.6950720000000001,STABLE,0,0.018000000000000238
171,2004.02.13.14.52.39,1.9181,1.7042519999999999,STABLE,0,0.009179999999999744
172,2004.02.13.15.02.39,1.6748,1.6999120000000003,STABLE,0,-0.004339999999999566
173,2004.02.13.15.12.39,1.9396,1.6920920000000002,STABLE,0,-0.00782000000000016
174,2004.02.13.15.22.39,2.1127,1.7034799999999999,STABLE,0,0.011387999999999732
175,2004.02.13.15.32.39,2.1802,1.7181639999999998,STABLE,0,0.01468399999999992
176,2004.02.13.15.42.39,2.3245,1.7309519999999998,STABLE,0,0.012788000000000022
177,2004.02.13.15.52.39,2.1302,1.761652,STABLE,0,0.03070000000000017
178,2004.02.13.16.02.39,2.233,1.7886920000000002,STABLE,0,0.027040000000000175
179,2004.02.13.16.12.39,2.346,1.821188,STABLE,0,0.03249599999999986
180,2004.02.13.16.22.39,2.4134,1.8504000000000003,STABLE,0,0.029212000000000238
181,2004.02.13.16.32.39,2.2153,1.8738640000000002,STABLE,0,0.02346399999999993
182,2004.02.13.16.42.39,1.9366,1.891528,STABLE,0,0.017663999999999902
183,2004.02.13.16.52.39,2.0173,1.904152,STABLE,0,0.012623999999999969
184,2004.02.13.17.02.39,1.8121,1.920104,STABLE,0,0.015951999999999966
185,2004.02.13.17.12.39,1.6805,1.935976,STABLE,0,0.015871999999999886
186,2004.02.13.17.22.39,1.804,1.944992,STABLE,0,0.009016000000000135
187,2004.02.13.17.32.39,1.5134,1.940496,STABLE,0,-0.0044960000000000555
188,2004.02.13.17.42.39,1.8005,1.938692,STABLE,0,-0.0018039999999999168
189,2004.02.13.17.52.39,2.028,1.955696,STABLE,0,0.01700400000000002
190,2004.02.13.18.02.39,2.1297,1.9621760000000001,STABLE,0,0.006480000000000041
191,2004.02.13.18.12.39,2.171,1.97892,STABLE,0,0.01674399999999987
192,2004.02.13.18.22.39,1.8003,1.9825039999999998,STABLE,0,0.0035839999999998096
193,2004.02.13.18.32.39,2.0969,2.00358,STABLE,0,0.021076000000000095
194,2004.02.13.18.42.39,2.2473,2.022736,STABLE,0,0.019156000000000173
195,2004.02.13.18.52.39,1.7566,2.0112799999999997,STABLE,0,-0.011456000000000355
196,2004.02.13.19.02.39,2.0241,2.0155200000000004,STABLE,0,0.004240000000000688
197,2004.02.13.19.12.39,1.6591,2.014892,STABLE,0,-0.000628000000000295
198,2004.02.13.19.22.39,1.543,1.999028,STABLE,0,-0.0158640000000001
199,2004.02.13.19.32.39,1.9205,1.99134,STABLE,0,-0.007687999999999917
200,2004.02.13.19.42.39,1.9235,1.9810720000000004,STABLE,0,-0.010267999999999722
201,2004.02.13.19.52.39,1.4729,1.947008,STABLE,0,-0.034064000000000316
202,2004.02.13.20.02.39,1.7553,1.932012,STABLE,0,-0.01499600000000001
203,2004.02.13.20.12.39,1.8406,1.916316,STABLE,0,-0.015696000000000154
204,2004.02.13.20.22.39,1.7002,1.890484,STABLE,0,-0.025831999999999855
205,2004.02.13.20.32.39,1.8404,1.8675639999999998,STABLE,0,-0.022920000000000273
206,2004.02.13.20.42.39,1.9591,1.8573160000000002,STABLE,0,-0.01024799999999959
207,2004.02.13.20.52.39,1.8657,1.8544800000000001,STABLE,0,-0.0028360000000000607
208,2004.02.13.21.02.39,2.2062,1.8620360000000002,STABLE,0,0.007556000000000118
209,2004.02.13.21.12.39,2.4,1.8855520000000001,STABLE,0,0.02351599999999987
210,2004.02.13.21.22.39,2.2253,1.907344,STABLE,0,0.02179199999999981
211,2004.02.13.21.32.39,1.8834,1.91052,STABLE,0,0.0031760000000000677
212,2004.02.13.21.42.39,1.7989,1.92194,STABLE,0,0.011419999999999986
213,2004.02.13.21.52.39,1.5867,1.9133879999999999,STABLE,0,-0.008552000000000115
214,2004.02.13.22.02.39,1.2045,1.8804480000000001,STABLE,0,-0.03293999999999975
215,2004.02.13.22.12.39,1.2801,1.846464,STABLE,0,-0.033984000000000014
216,2004.02.13.22.22.39,1.5375,1.8211240000000002,STABLE,0,-0.025339999999999918
217,2004.02.13.22.32.39,2.0837,1.8324600000000002,STABLE,0,0.011336000000000013
218,2004.02.13.22.42.39,1.7312,1.817832,STABLE,0,-0.014628000000000307
219,2004.02.13.22.52.39,1.9527,1.806048,STABLE,0,-0.011783999999999795
220,2004.02.13.23.02.39,1.9272,1.812872,STABLE,0,0.006823999999999941
221,2004.02.13.23.12.39,2.1198,1.8167,STABLE,0,0.0038279999999999426
222,2004.02.13.23.22.39,2.0027,1.830444,STABLE,0,0.013743999999999978
223,2004.02.13.23.32.39,1.7519,1.8388,STABLE,0,0.00835600000000003
224,2004.02.13.23.42.39,1.5594,1.8243559999999999,STABLE,0,-0.014444000000000123
225,2004.02.13.23.52.39,1.4323,1.804708,STABLE,0,-0.019647999999999888
226,2004.02.14.00.02.39,1.5455,1.807612,STABLE,0,0.0029040000000000177
227,2004.02.14.00.12.39,1.5047,1.7975880000000002,STABLE,0,-0.01002399999999981
228,2004.02.14.00.22.39,1.7223,1.7928559999999998,STABLE,0,-0.0047320000000004026
229,2004.02.14.00.32.39,1.8612,1.799296,STABLE,0,0.006440000000000223
230,2004.02.14.00.42.39,1.748,1.7956,STABLE,0,-0.0036959999999999216
231,2004.02.14.00.52.39,2.1296,1.80242,STABLE,0,0.006819999999999826
232,2004.02.14.01.02.39,2.0177,1.8085,STABLE,0,0.006080000000000085
233,2004.02.14.01.12.39,2.3722,1.8151399999999998,STABLE,0,0.006639999999999757
234,2004.02.14.01.22.39,2.3964,1.8149959999999998,STABLE,0,-0.00014399999999992197
235,2004.02.14.01.32.39,2.1115,1.810444,STABLE,0,-0.0045519999999998895
236,2004.02.14.01.42.39,2.2075,1.823408,STABLE,0,0.012963999999999976
237,2004.02.14.01.52.39,1.4693,1.810224,STABLE,0,-0.013183999999999862
238,2004.02.14.02.02.39,1.8423,1.820448,STABLE,0,0.01022400000000001
239,2004.02.14.02.12.39,1.8889,1.847824,STABLE,0,0.027375999999999845
240,2004.02.14.02.22.39,1.7514,1.866676,STABLE,0,0.01885200000000009
241,2004.02.14.02.32.39,1.8414,1.8788319999999998,STABLE,0,0.012155999999999834
242,2004.02.14.02.42.39,1.6851,1.862888,STABLE,0,-0.015943999999999736
243,2004.02.14.02.52.39,1.5872,1.857128,STABLE,0,-0.005760000000000209
244,2004.02.14.03.02.39,1.9162,1.855668,STABLE,0,-0.0014599999999997948
245,2004.02.14.03.12.39,2.2674,1.869276,STABLE,0,0.013607999999999842
246,2004.02.14.03.22.39,1.8754,1.8595,STABLE,0,-0.009776000000000007
247,2004.02.14.03.32.39,1.7169,1.8480679999999998,STABLE,0,-0.011432000000000109
248,2004.02.14.03.42.39,2.0975,1.861892,STABLE,0,0.01382400000000028
249,2004.02.14.03.52.39,1.7601,1.8699199999999998,STABLE,0,0.008027999999999702
250,2004.02.14.04.02.39,2.0776,1.8957319999999998,STABLE,0,0.025811999999999946
251,2004.02.14.04.12.39,2.3238,1.926864,STABLE,0,0.03113200000000016
252,2004.02.14.04.22.39,2.6161,1.97132,STABLE,0,0.04445600000000005
253,2004.02.14.04.32.39,2.1179,1.987144,STABLE,0,0.01582400000000006
254,2004.02.14.04.42.39,2.0387,1.994244,STABLE,0,0.007099999999999884
255,2004.02.14.04.52.39,1.8492,1.9982920000000002,STABLE,0,0.004048000000000274
256,2004.02.14.05.02.39,2.0663,1.99576,STABLE,0,-0.0025320000000002008
257,2004.02.14.05.12.39,2.1021,1.999136,STABLE,0,0.0033760000000000456
258,2004.02.14.05.22.39,2.2343,1.99362,STABLE,0,-0.005516000000000076
259,2004.02.14.05.32.39,2.1877,1.985272,STABLE,0,-0.008348000000000022
260,2004.02.14.05.42.39,1.8377,1.9743199999999999,STABLE,0,-0.010952000000000073
261,2004.02.14.05.52.39,1.941,1.96366,STABLE,0,-0.010659999999999892
262,2004.02.14.06.02.39,2.0736,1.987832,STABLE,0,0.024172000000000082
263,2004.02.14.06.12.39,1.878,1.9892599999999998,STABLE,0,0.0014279999999997628
264,2004.02.14.06.22.39,1.6421,1.979388,STABLE,0,-0.009871999999999881
265,2004.02.14.06.32.39,1.6625,1.975832,STABLE,0,-0.0035559999999998926
266,2004.02.14.06.42.39,1.5206,1.963,STABLE,0,-0.012831999999999955
267,2004.02.14.06.52.39,1.888,1.9711159999999999,STABLE,0,0.00811599999999979
268,2004.02.14.07.02.39,1.9208,1.98446,STABLE,0,0.013344000000000023
269,2004.02.14.07.12.39,1.5457,1.96964,STABLE,0,-0.014819999999999833
270,2004.02.14.07.22.39,1.734,1.948304,STABLE,0,-0.02133600000000002
271,2004.02.14.07.32.39,1.9934,1.953024,STABLE,0,0.0047200000000000575
272,2004.02.14.07.42.39,1.8259,1.9573840000000002,STABLE,0,0.0043600000000001415
273,2004.02.14.07.52.39,2.1527,1.9595919999999998,STABLE,0,0.0022079999999995437
274,2004.02.14.08.02.39,2.0839,1.972544,STABLE,0,0.012952000000000297
275,2004.02.14.08.12.39,1.7952,1.9612479999999999,STABLE,0,-0.011296000000000195
276,2004.02.14.08.22.39,1.9626,1.9468,STABLE,0,-0.014447999999999794
277,2004.02.14.08.32.39,1.8688,1.916908,STABLE,0,-0.02989200000000003
278,2004.02.14.08.42.39,2.1066,1.916456,STABLE,0,-0.000452000000000119
279,2004.02.14.08.52.39,2.1729,1.921824,STABLE,0,0.005368000000000039
280,2004.02.14.09.02.39,2.418,1.9445759999999999,STABLE,0,0.022751999999999883
281,2004.02.14.09.12.39,2.3218,1.954796,STABLE,0,0.010220000000000118
282,2004.02.14.09.22.39,1.998,1.950632,STABLE,0,-0.0041640000000000565
283,2004.02.14.09.32.39,1.7447,1.931048,STABLE,0,-0.019583999999999824
284,2004.02.14.09.42.39,1.4111,1.8999840000000001,STABLE,0,-0.03106399999999998
285,2004.02.14.09.52.39,1.7802,1.8976840000000001,STABLE,0,-0.0022999999999999687
286,2004.02.14.10.02.39,1.9227,1.896952,STABLE,0,-0.000732000000000177
287,2004.02.14.10.12.39,1.9127,1.890516,STABLE,0,-0.006435999999999886
288,2004.02.14.10.22.39,1.9558,1.8936279999999999,STABLE,0,0.0031119999999997816
289,2004.02.14.10.32.39,1.9821,1.9072280000000001,STABLE,0,0.013600000000000279
290,2004.02.14.10.42.39,2.2147,1.929316,STABLE,0,0.022087999999999886
291,2004.02.14.10.52.39,2.4961,1.9683359999999999,STABLE,0,0.03901999999999983
292,2004.02.14.11.02.39,1.9378,1.970328,STABLE,0,0.001992000000000216
293,2004.02.14.11.12.39,1.758,1.963816,STABLE,0,-0.006512000000000073
294,2004.02.14.11.22.39,1.6448,1.9677799999999999,STABLE,0,0.0039639999999998565
295,2004.02.14.11.32.39,1.8894,1.9739960000000003,STABLE,0,0.006216000000000443
296,2004.02.14.11.42.39,1.9263,1.9713120000000002,STABLE,0,-0.0026840000000001307
297,2004.02.14.11.52.39,1.9395,1.975856,STABLE,0,0.0045439999999998815
298,2004.02.14.12.02.39,1.3445,1.943528,STABLE,0,-0.032328000000000134
299,2004.02.14.12.12.39,1.671,1.927012,STABLE,0,-0.016515999999999975
300,2004.02.14.12.22.39,1.5148,1.915796,STABLE,0,-0.011215999999999893
301,2004.02.14.12.32.39,1.8423,1.910984,STABLE,0,-0.0048120000000000385
302,2004.02.14.12.42.39,1.7083,1.904564,STABLE,0,-0.006420000000000092
303,2004.02.14.12.52.39,1.9519,1.8983759999999998,STABLE,0,-0.006188000000000082
304,2004.02.14.13.02.39,1.8312,1.884708,STABLE,0,-0.013667999999999791
305,2004.02.14.13.12.39,1.743,1.8577080000000001,STABLE,0,-0.026999999999999913
306,2004.02.14.13.22.39,2.0982,1.8487639999999999,STABLE,0,-0.008944000000000285
307,2004.02.14.13.32.39,2.2394,1.8584199999999997,STABLE,0,0.009655999999999887
308,2004.02.14.13.42.39,2.2557,1.87886,STABLE,0,0.020440000000000236
309,2004.02.14.13.52.39,2.0309,1.903652,STABLE,0,0.024791999999999925
310,2004.02.14.14.02.39,2.4808,1.931676,STABLE,0,0.02802400000000005
311,2004.02.14.14.12.39,2.0828,1.93808,STABLE,0,0.006404000000000076
312,2004.02.14.14.22.39,1.9424,1.9392679999999998,STABLE,0,0.0011879999999997448
313,2004.02.14.14.32.39,2.3161,1.9536800000000003,STABLE,0,0.014412000000000535
314,2004.02.14.14.42.39,2.5588,1.976748,STABLE,0,0.023067999999999644
315,2004.02.14.14.52.39,2.2511,1.978204,STABLE,0,0.0014560000000001239
316,2004.02.14.15.02.39,1.7574,1.948656,STABLE,0,-0.02954800000000013
317,2004.02.14.15.12.39,1.9252,1.948152,STABLE,0,-0.0005039999999998379
318,2004.02.14.15.22.39,1.7936,1.9495760000000002,STABLE,0,0.0014240000000000919
319,2004.02.14.15.32.39,1.8904,1.9594,STABLE,0,0.009823999999999833
320,2004.02.14.15.42.39,2.1074,1.9681199999999999,STABLE,0,0.008719999999999839
321,2004.02.14.15.52.39,1.8603,1.9654800000000001,STABLE,0,-0.0026399999999997537
322,2004.02.14.16.02.39,1.8655,1.9625199999999998,STABLE,0,-0.0029600000000002957
323,2004.02.14.16.12.39,2.2139,1.997296,STABLE,0,0.03477600000000014
324,2004.02.14.16.22.39,2.1543,2.016628,STABLE,0,0.019331999999999905
325,2004.02.14.16.32.39,2.0901,2.03964,STABLE,0,0.023012000000000032
326,2004.02.14.16.42.39,1.9151,2.042552,STABLE,0,0.0029120000000002477
327,2004.02.14.16.52.39,2.1509,2.060256,STABLE,0,0.01770399999999972
328,2004.02.14.17.02.39,1.9279,2.0592960000000002,STABLE,0,-0.0009599999999996278
329,2004.02.14.17.12.39,1.8428,2.05976,STABLE,0,0.00046399999999957586
330,2004.02.14.17.22.39,2.1534,2.0761760000000002,STABLE,0,0.01641600000000043
331,2004.02.14.17.32.39,2.1313,2.0775,STABLE,0,0.0013239999999998808
332,2004.02.14.17.42.39,1.9733,2.066856,STABLE,0,-0.010644000000000098
333,2004.02.14.17.52.39,2.3819,2.071904,STABLE,0,0.005047999999999941
334,2004.02.14.18.02.39,2.513,2.0911880000000003,STABLE,0,0.0192840000000003
335,2004.02.14.18.12.39,1.9887,2.071504,STABLE,0,-0.019684000000000257
336,2004.02.14.18.22.39,2.1165,2.072852,STABLE,0,0.0013480000000001269
337,2004.02.14.18.32.39,2.3104,2.087572,STABLE,0,0.014720000000000066
338,2004.02.14.18.42.39,2.044,2.076688,STABLE,0,-0.010884000000000338
339,2004.02.14.18.52.39,2.0682,2.057064,STABLE,0,-0.019623999999999864
340,2004.02.14.19.02.39,1.9696,2.045804,STABLE,0,-0.011260000000000048
341,2004.02.14.19.12.39,2.275,2.0665080000000002,STABLE,0,0.020704000000000278
342,2004.02.14.19.22.39,2.3315,2.08276,STABLE,0,0.01625199999999971
343,2004.02.14.19.32.39,2.2492,2.100984,STABLE,0,0.018224000000000018
344,2004.02.14.19.42.39,1.9404,2.102984,STABLE,0,0.002000000000000224
345,2004.02.14.19.52.39,2.091,2.1023280000000004,STABLE,0,-0.0006559999999997679
346,2004.02.14.20.02.39,1.7944,2.099692,STABLE,0,-0.0026360000000003048
347,2004.02.14.20.12.39,1.7107,2.0935,STABLE,0,-0.006191999999999975
348,2004.02.14.20.22.39,1.8781,2.080068,STABLE,0,-0.013432000000000333
349,2004.02.14.20.32.39,2.1003,2.0779080000000003,STABLE,0,-0.0021599999999994957
350,2004.02.14.20.42.39,1.9489,2.07226,STABLE,0,-0.005648000000000319
351,2004.02.14.20.52.39,1.6989,2.063612,STABLE,0,-0.008647999999999989
352,2004.02.14.21.02.39,1.6417,2.043244,STABLE,0,-0.02036799999999994
353,2004.02.14.21.12.39,1.5136,2.026672,STABLE,0,-0.01657200000000003
354,2004.02.14.21.22.39,1.9413,2.030612,STABLE,0,0.003940000000000055
355,2004.02.14.21.32.39,1.9783,2.023608,STABLE,0,-0.007004000000000232
356,2004.02.14.21.42.39,2.3405,2.031976,STABLE,0,0.008367999999999931
357,2004.02.14.21.52.39,2.0362,2.0344919999999997,STABLE,0,0.0025159999999999627
358,2004.02.14.22.02.39,2.0478,2.021128,STABLE,0,-0.01336399999999971
359,2004.02.14.22.12.39,1.9472,1.998496,STABLE,0,-0.022631999999999985
360,2004.02.14.22.22.39,2.1042,2.003116,STABLE,0,0.0046199999999998465
361,2004.02.14.22.32.39,1.896,1.9942960000000003,STABLE,0,-0.008819999999999606
362,2004.02.14.22.42.39,2.2436,1.9916240000000003,STABLE,0,-0.0026720000000000077
363,2004.02.14.22.52.39,2.0813,1.9931159999999999,STABLE,0,0.0014919999999996048
364,2004.02.14.23.02.39,2.0448,1.9921799999999998,STABLE,0,-0.0009360000000000479
365,2004.02.14.23.12.39,1.8507,1.987424,STABLE,0,-0.00475599999999976
366,2004.02.14.23.22.39,1.8135,1.968964,STABLE,0,-0.018460000000000143
367,2004.02.14.23.32.39,2.0198,1.9564960000000002,STABLE,0,-0.012467999999999702
368,2004.02.14.23.42.39,1.6008,1.93056,STABLE,0,-0.02593600000000018
369,2004.02.14.23.52.39,1.6678,1.919656,STABLE,0,-0.010904000000000025
370,2004.02.15.00.02.39,1.8521,1.9101,STABLE,0,-0.00955600000000012
371,2004.02.15.00.12.39,1.8382,1.911852,STABLE,0,0.0017520000000001978
372,2004.02.15.00.22.39,2.5677,1.946132,STABLE,0,0.034279999999999866
373,2004.02.15.00.32.39,2.3522,1.965096,STABLE,0,0.01896399999999998
374,2004.02.15.00.42.39,1.966,1.959724,STABLE,0,-0.005371999999999932
375,2004.02.15.00.52.39,2.0723,1.96466,STABLE,0,0.0049360000000000515
376,2004.02.15.01.02.39,1.4914,1.9563599999999999,STABLE,0,-0.008300000000000196
377,2004.02.15.01.12.39,2.0312,1.9719399999999998,STABLE,0,0.015579999999999927
378,2004.02.15.01.22.39,2.3445,2.005176,STABLE,0,0.033236000000000265
379,2004.02.15.01.32.39,2.203,2.015644,STABLE,0,0.010467999999999922
380,2004.02.15.01.42.39,2.1755,2.0235320000000003,STABLE,0,0.00788800000000034
381,2004.02.15.01.52.39,1.9957,2.0097400000000003,STABLE,0,-0.013792000000000026
382,2004.02.15.02.02.39,1.5827,1.9916,STABLE,0,-0.018140000000000267
383,2004.02.15.02.12.39,1.5399,1.971284,STABLE,0,-0.020316
384,2004.02.15.02.22.39,1.3283,1.9465279999999998,STABLE,0,-0.024756000000000222
385,2004.02.15.02.32.39,1.2212,1.911208,STABLE,0,-0.035319999999999796
386,2004.02.15.02.42.39,1.6335,1.9007079999999998,STABLE,0,-0.010500000000000176
387,2004.02.15.02.52.39,1.5312,1.8722119999999998,STABLE,0,-0.028496000000000077
388,2004.02.15.03.02.39,2.0729,1.871876,STABLE,0,-0.0003359999999996699
389,2004.02.15.03.12.39,2.1514,1.8761400000000001,STABLE,0,0.0042640000000000455
390,2004.02.15.03.22.39,1.8777,1.87722,STABLE,0,0.0010799999999999699
391,2004.02.15.03.32.39,2.0745,1.8876600000000001,STABLE,0,0.010440000000000005
392,2004.02.15.03.42.39,1.853,1.8809879999999999,STABLE,0,-0.006672000000000233
393,2004.02.15.03.52.39,1.8332,1.890284,STABLE,0,0.009296000000000193
394,2004.02.15.04.02.39,1.7801,1.894776,STABLE,0,0.0044919999999999405
395,2004.02.15.04.12.39,1.9163,1.897344,STABLE,0,0.0025679999999999037
396,2004.02.15.04.22.39,2.0323,1.9051079999999998,STABLE,0,0.007763999999999882
397,2004.02.15.04.32.39,2.1312,1.887648,STABLE,0,-0.01745999999999981
398,2004.02.15.04.42.39,2.0417,1.875228,STABLE,0,-0.012420000000000098
399,2004.02.15.04.52.39,2.4217,1.8934559999999998,STABLE,0,0.01822799999999991
400,2004.02.15.05.02.39,1.8099,1.88296,STABLE,0,-0.010495999999999839
401,2004.02.15.05.12.39,1.8452,1.8971120000000001,STABLE,0,0.014152000000000164
402,2004.02.15.05.22.39,1.9597,1.8942520000000003,STABLE,0,-0.0028599999999998627
403,2004.02.15.05.32.39,1.7253,1.869484,STABLE,0,-0.024768000000000345
404,2004.02.15.05.42.39,2.2932,1.8730919999999998,STABLE,0,0.0036079999999998336
405,2004.02.15.05.52.39,2.3487,1.8800199999999998,STABLE,0,0.006928000000000045
406,2004.02.15.06.02.39,2.2251,1.889196,STABLE,0,0.009176000000000295
407,2004.02.15.06.12.39,2.1241,1.9108520000000002,STABLE,0,0.02165600000000012
408,2004.02.15.06.22.39,2.191,1.936896,STABLE,0,0.026043999999999734
409,2004.02.15.06.32.39,1.731,1.953004,STABLE,0,0.01610800000000001
410,2004.02.15.06.42.39,1.913,1.9806759999999999,STABLE,0,0.02767199999999992
411,2004.02.15.06.52.39,1.8043,1.987508,STABLE,0,0.006832000000000171
412,2004.02.15.07.02.39,2.0235,2.0072,STABLE,0,0.019692000000000043
413,2004.02.15.07.12.39,1.85,1.998284,STABLE,0,-0.008916000000000146
414,2004.02.15.07.22.39,2.1917,1.999896,STABLE,0,0.0016119999999999468
415,2004.02.15.07.32.39,1.9164,2.001444,STABLE,0,0.0015479999999998828
416,2004.02.15.07.42.39,1.8504,1.9924799999999998,STABLE,0,-0.008963999999999972
417,2004.02.15.07.52.39,1.7389,1.9879160000000002,STABLE,0,-0.004563999999999568
418,2004.02.15.08.02.39,1.9706,1.993412,STABLE,0,0.005495999999999723
419,2004.02.15.08.12.39,2.0583,2.00454,STABLE,0,0.011128000000000027
420,2004.02.15.08.22.39,1.9989,2.007844,STABLE,0,0.0033039999999999736
421,2004.02.15.08.32.39,1.8568,2.000824,STABLE,0,-0.007019999999999804
422,2004.02.15.08.42.39,1.8832,1.9909040000000002,STABLE,0,-0.009919999999999929
423,2004.02.15.08.52.39,1.969,1.9879959999999999,STABLE,0,-0.0029080000000003547
424,2004.02.15.09.02.39,1.7506,1.9611520000000002,STABLE,0,-0.026843999999999646
425,2004.02.15.09.12.39,2.0631,1.9712800000000001,STABLE,0,0.010127999999999915
426,2004.02.15.09.22.39,2.0044,1.9776479999999999,STABLE,0,0.006367999999999707
427,2004.02.15.09.32.39,2.0674,1.9819559999999998,STABLE,0,0.0043079999999999785
428,2004.02.15.09.42.39,1.7681,1.9836680000000002,STABLE,0,0.0017120000000003799
429,2004.02.15.09.52.39,2.2693,1.9827120000000003,STABLE,0,-0.0009559999999999569
430,2004.02.15.10.02.39,2.2287,1.9779120000000001,STABLE,0,-0.0048000000000001375
431,2004.02.15.10.12.39,2.142,1.974588,STABLE,0,-0.0033240000000001046
432,2004.02.15.10.22.39,2.1176,1.9743279999999999,STABLE,0,-0.000260000000000149
433,2004.02.15.10.32.39,1.997,1.966568,STABLE,0,-0.007759999999999767
434,2004.02.15.10.42.39,2.1027,1.981436,STABLE,0,0.014867999999999881
435,2004.02.15.10.52.39,2.0832,1.988244,STABLE,0,0.006807999999999925
436,2004.02.15.11.02.39,2.1578,2.002384,STABLE,0,0.014140000000000263
437,2004.02.15.11.12.39,2.012,2.0019240000000003,STABLE,0,-0.00045999999999990493
438,2004.02.15.11.22.39,1.8931,2.003648,STABLE,0,0.0017239999999998368
439,2004.02.15.11.32.39,2.4091,2.012344,STABLE,0,0.008696000000000037
440,2004.02.15.11.42.39,2.2579,2.026004,STABLE,0,0.013659999999999783
441,2004.02.15.11.52.39,1.7795,2.023168,STABLE,0,-0.0028359999999998386
442,2004.02.15.12.02.39,1.8918,2.0292839999999996,STABLE,0,0.006115999999999566
443,2004.02.15.12.12.39,1.9743,2.029432,STABLE,0,0.00014800000000025904
444,2004.02.15.12.22.39,1.7488,2.017052,STABLE,0,-0.012379999999999836
445,2004.02.15.12.32.39,1.3488,1.991048,STABLE,0,-0.026004000000000138
446,2004.02.15.12.42.39,1.2238,1.965728,STABLE,0,-0.02532000000000001
447,2004.02.15.12.52.39,1.7076,1.958704,STABLE,0,-0.007023999999999919
448,2004.02.15.13.02.39,2.1156,1.964568,STABLE,0,0.005864000000000091
449,2004.02.15.13.12.39,2.236,1.9839839999999997,STABLE,0,0.019415999999999656
450,2004.02.15.13.22.39,1.969,1.9802199999999999,STABLE,0,-0.0037639999999998786
451,2004.02.15.13.32.39,1.9863,1.9794960000000001,STABLE,0,-0.0007239999999997249
452,2004.02.15.13.42.39,1.9001,1.9728040000000002,STABLE,0,-0.00669199999999992
453,2004.02.15.13.52.39,1.6853,1.9694919999999998,STABLE,0,-0.0033120000000004257
454,2004.02.15.14.02.39,1.6783,1.945852,STABLE,0,-0.023639999999999883
455,2004.02.15.14.12.39,1.8187,1.929452,STABLE,0,-0.01639999999999997
456,2004.02.15.14.22.39,2.2199,1.932568,STABLE,0,0.0031160000000001187
457,2004.02.15.14.32.39,2.5483,1.949796,STABLE,0,0.01722800000000002
458,2004.02.15.14.42.39,2.394,1.965676,STABLE,0,0.015879999999999894
459,2004.02.15.14.52.39,2.4127,1.9780759999999997,STABLE,0,0.012399999999999745
460,2004.02.15.15.02.39,2.18,1.9819479999999998,STABLE,0,0.0038720000000000976
461,2004.02.15.15.12.39,2.212,1.984116,STABLE,0,0.00216800000000017
462,2004.02.15.15.22.39,1.8376,1.9771400000000003,STABLE,0,-0.006975999999999649
463,2004.02.15.15.32.39,1.7559,1.971652,STABLE,0,-0.0054880000000003815
464,2004.02.15.15.42.39,1.9431,1.953012,STABLE,0,-0.01863999999999999
465,2004.02.15.15.52.39,1.9492,1.940664,STABLE,0,-0.012348000000000026
466,2004.02.15.16.02.39,2.1551,1.955688,STABLE,0,0.015024000000000148
467,2004.02.15.16.12.39,1.7419,1.949692,STABLE,0,-0.005996000000000112
468,2004.02.15.16.22.39,1.6886,1.938264,STABLE,0,-0.011427999999999994
469,2004.02.15.16.32.39,1.7638,1.9388640000000001,STABLE,0,0.000600000000000156
470,2004.02.15.16.42.39,1.6106,1.9493360000000002,STABLE,0,0.010472000000000037
471,2004.02.15.16.52.39,1.5849,1.9637799999999999,STABLE,0,0.01444399999999968
472,2004.02.15.17.02.39,2.1461,1.98132,STABLE,0,0.01754000000000011
473,2004.02.15.17.12.39,1.974,1.9756559999999999,STABLE,0,-0.005664000000000113
474,2004.02.15.17.22.39,2.0705,1.969036,STABLE,0,-0.006619999999999848
475,2004.02.15.17.32.39,2.0544,1.972452,STABLE,0,0.0034160000000000856
476,2004.02.15.17.42.39,1.7822,1.964288,STABLE,0,-0.00816400000000006
477,2004.02.15.17.52.39,1.6648,1.9548759999999998,STABLE,0,-0.009412000000000198
478,2004.02.15.18.02.39,2.0651,1.970068,STABLE,0,0.015192000000000094
479,2004.02.15.18.12.39,1.7192,1.971704,STABLE,0,0.0016359999999999708
480,2004.02.15.18.22.39,1.3069,1.951232,STABLE,0,-0.020471999999999824
481,2004.02.15.18.32.39,1.4091,1.9188,STABLE,0,-0.032432000000000016
482,2004.02.15.18.42.39,1.5362,1.878316,STABLE,0,-0.040483999999999964
483,2004.02.15.18.52.39,1.9563,1.860808,STABLE,0,-0.01750800000000008
484,2004.02.15.19.02.39,2.1346,1.849684,STABLE,0,-0.011123999999999912
485,2004.02.15.19.12.39,1.7638,1.833036,STABLE,0,-0.016647999999999996
486,2004.02.15.19.22.39,1.8118,1.8170279999999999,STABLE,0,-0.016008000000000244
487,2004.02.15.19.32.39,1.9099,1.81992,STABLE,0,0.0028920000000001167
488,2004.02.15.19.42.39,2.0932,1.8334119999999998,STABLE,0,0.013491999999999837
489,2004.02.15.19.52.39,1.9526,1.8337919999999999,STABLE,0,0.00038000000000004697
490,2004.02.15.20.02.39,2.0051,1.836028,STABLE,0,0.0022360000000001268
491,2004.02.15.20.12.39,1.8962,1.825672,STABLE,0,-0.010356000000000032
492,2004.02.15.20.22.39,1.9761,1.8350400000000002,STABLE,0,0.009368000000000265
493,2004.02.15.20.32.39,2.2227,1.856404,STABLE,0,0.021363999999999717
494,2004.02.15.20.42.39,2.3186,1.878596,STABLE,0,0.02219199999999999
495,2004.02.15.20.52.39,2.4026,1.910276,STABLE,0,0.03168000000000015
496,2004.02.15.21.02.39,2.3222,1.9397680000000002,STABLE,0,0.029492000000000074
497,2004.02.15.21.12.39,2.2091,1.942288,STABLE,0,0.0025199999999998557
498,2004.02.15.21.22.39,2.2678,1.95404,STABLE,0,0.011751999999999985
499,2004.02.15.21.32.39,2.0579,1.953536,STABLE,0,-0.00050400000000006
500,2004.02.15.21.42.39,1.6272,1.936448,STABLE,0,-0.017087999999999992
501,2004.02.15.21.52.39,2.0289,1.9463160000000002,STABLE,0,0.00986800000000021
502,2004.02.15.22.02.39,2.3336,1.973068,STABLE,0,0.026751999999999887
503,2004.02.15.22.12.39,2.2963,1.9823160000000002,STABLE,0,0.009248000000000145
504,2004.02.15.22.22.39,2.3425,2.007248,STABLE,0,0.024931999999999954
505,2004.02.15.22.32.39,2.7768,2.0660439999999998,STABLE,0,0.058795999999999626
506,2004.02.15.22.42.39,2.9465,2.1275399999999998,STABLE,0,0.061495999999999995
507,2004.02.15.22.52.39,3.287,2.1975719999999996,STABLE,0,0.07003199999999987
508,2004.02.15.23.02.39,3.0388,2.240872,STABLE,0,0.04330000000000034
509,2004.02.15.23.12.39,3.1179,2.280204,STABLE,0,0.03933199999999992
510,2004.02.15.23.22.39,3.1519,2.335728,STABLE,0,0.05552400000000013
511,2004.02.15.23.32.39,2.9924,2.382952,STABLE,0,0.04722399999999993
512,2004.02.15.23.42.39,1.9052,2.382764,STABLE,0,-0.000188000000000077
513,2004.02.15.23.52.39,2.7864,2.410492,STABLE,0,0.027728000000000197
514,2004.02.16.00.02.39,2.5281,2.433512,STABLE,0,0.02301999999999982
515,2004.02.16.00.12.39,2.7379,2.462824,STABLE,0,0.029312000000000005
516,2004.02.16.00.22.39,2.5343,2.4883480000000002,STABLE,0,0.025524000000000324
517,2004.02.16.00.32.39,2.7237,2.518252,STABLE,0,0.02990399999999971
518,2004.02.16.00.42.39,2.1099,2.51374,STABLE,0,-0.0045120000000000715
519,2004.02.16.00.52.39,1.6162,2.4856439999999997,STABLE,0,-0.02809600000000012
520,2004.02.16.01.02.39,2.0822,2.472828,STABLE,0,-0.012815999999999939
521,2004.02.16.01.12.39,2.3117,2.4724079999999997,STABLE,0,-0.00042000000000008697
522,2004.02.16.01.22.39,2.0699,2.46684,STABLE,0,-0.005567999999999795
523,2004.02.16.01.32.39,2.2585,2.4664680000000003,STABLE,0,-0.0003719999999995949
524,2004.02.16.01.42.39,2.2686,2.4748959999999998,STABLE,0,0.008427999999999436
525,2004.02.16.01.52.39,2.8065,2.522068,STABLE,0,0.047172000000000214
526,2004.02.16.02.02.39,3.1997,2.5688999999999997,STABLE,0,0.04683199999999976
527,2004.02.16.02.12.39,2.8058,2.5877879999999998,STABLE,0,0.018888000000000016
528,2004.02.16.02.22.39,2.7162,2.604584,STABLE,0,0.016796000000000255
529,2004.02.16.02.32.39,2.4861,2.610328,STABLE,0,0.005743999999999971
530,2004.02.16.02.42.39,2.3517,2.593324,STABLE,0,-0.01700400000000002
531,2004.02.16.02.52.39,2.6787,2.582612,STABLE,0,-0.010711999999999833
532,2004.02.16.03.02.39,2.4786,2.550276,STABLE,0,-0.03233599999999992
533,2004.02.16.03.12.39,3.2974,2.56062,STABLE,0,0.010343999999999909
534,2004.02.16.03.22.39,4.2865,2.607364,STABLE,0,0.0467439999999999
535,2004.02.16.03.32.39,5.0561,2.683532,STABLE,0,0.07616800000000001
536,2004.02.16.03.42.39,5.3494,2.7778119999999995,STABLE,0,0.09427999999999948
537,2004.02.16.03.52.39,5.2902,2.9132119999999997,STABLE,0,0.1354000000000002
538,2004.02.16.04.02.39,5.2934,3.013492,STABLE,0,0.10028000000000015
539,2004.02.16.04.12.39,5.2722,3.123256,STABLE,0,0.1097640000000002
540,2004.02.16.04.22.39,5.2159,3.2223759999999997,STABLE,0,0.09911999999999965
541,2004.02.16.04.32.39,4.5771,3.3040880000000006,STABLE,0,0.0817120000000009
542,2004.02.16.04.42.39,4.9009,3.3911759999999997,STABLE,0,0.08708799999999917
543,2004.02.16.04.52.39,5.1108,3.5112120000000004,STABLE,0,0.1200360000000007
544,2004.02.16.05.02.39,5.6474,3.6724599999999996,STABLE,0,0.16124799999999917
545,2004.02.16.05.12.39,5.9276,3.8262759999999996,STABLE,0,0.15381599999999995
546,2004.02.16.05.22.39,6.6663,4.00046,STABLE,0,0.17418400000000078
547,2004.02.16.05.32.39,6.3936,4.173408,STABLE,0,0.17294799999999988
548,2004.02.16.05.42.39,6.0567,4.325336,STABLE,0,0.15192799999999984
549,2004.02.16.05.52.39,6.7049,4.502788,STABLE,0,0.17745199999999972
550,2004.02.16.06.02.39,6.8382,4.6640559999999995,STABLE,0,0.16126799999999974
551,2004.02.16.06.12.39,6.8792,4.811235999999999,STABLE,0,0.14717999999999964
552,2004.02.16.06.22.39,6.483,4.958324,STABLE,0,0.147088000000001
553,2004.02.16.06.32.39,6.6577,5.115984,STABLE,0,0.1576599999999999
554,2004.02.16.06.42.39,6.7762,5.2875879999999995,STABLE,0,0.17160399999999942
555,2004.02.16.06.52.39,6.6978,5.461431999999999,STABLE,0,0.1738439999999999
556,2004.02.16.07.02.39,7.4152,5.650892,STABLE,0,0.1894600000000004
557,2004.02.16.07.12.39,7.3008,5.843780000000001,STABLE,0,0.19288800000000084
558,2004.02.16.07.22.39,7.7613,6.022336,STABLE,0,0.1785559999999995
559,2004.02.16.07.32.39,7.6278,6.155988,STABLE,0,0.13365199999999966
560,2004.02.16.07.42.39,7.8007,6.265771999999999,STABLE,0,0.10978399999999944
561,2004.02.16.07.52.39,8.0026,6.371899999999999,STABLE,0,0.106128
562,2004.02.16.08.02.39,7.6825,6.467592,STABLE,0,0.09569200000000055
563,2004.02.16.08.12.39,7.5855,6.559276,STABLE,0,0.09168399999999988
564,2004.02.16.08.22.39,8.0353,6.6698,STABLE,0,0.11052400000000073
565,2004.02.16.08.32.39,7.3332,6.754492,STABLE,0,0.08469199999999955
566,2004.02.16.08.42.39,7.7091,6.879771999999999,STABLE,0,0.12527999999999917
567,2004.02.16.08.52.39,7.5138,6.984287999999999,STABLE,0,0.10451600000000028
568,2004.02.16.09.02.39,7.5037,7.080004,STABLE,0,0.09571600000000036
569,2004.02.16.09.12.39,7.5198,7.1549000000000005,STABLE,0,0.07489600000000074
570,2004.02.16.09.22.39,7.7153,7.226407999999999,STABLE,0,0.0715079999999988
571,2004.02.16.09.32.39,7.5098,7.260148,STABLE,0,0.03374000000000077
572,2004.02.16.09.42.39,8.0923,7.3280959999999995,STABLE,0,0.06794799999999945
573,2004.02.16.09.52.39,8.3022,7.417916,STABLE,0,0.08982000000000046
574,2004.02.16.10.02.39,7.5341,7.451084,STABLE,0,0.033167999999999864
575,2004.02.16.10.12.39,8.0924,7.501251999999999,STABLE,0,0.050167999999999324
576,2004.02.16.10.22.39,7.7145,7.534664,STABLE,0,0.03341200000000111
577,2004.02.16.10.32.39,7.7857,7.586772,STABLE,0,0.0521079999999996
578,2004.02.16.10.42.39,8.072,7.643344,STABLE,0,0.05657200000000007
579,2004.02.16.10.52.39,8.7123,7.720788,STABLE,0,0.07744399999999985
580,2004.02.16.11.02.39,8.9911,7.812519999999999,STABLE,0,0.09173199999999948
581,2004.02.16.11.12.39,8.9373,7.873404000000001,STABLE,0,0.06088400000000149
582,2004.02.16.11.22.39,9.1314,7.946628,STABLE,0,0.07322399999999885
583,2004.02.16.11.32.39,9.204,8.004336,STABLE,0,0.05770800000000076
584,2004.02.16.11.42.39,9.3388,8.072776,STABLE,0,0.06843999999999895
585,2004.02.16.11.52.39,8.9834,8.120084,STABLE,0,0.047308000000001016
586,2004.02.16.12.02.39,9.1294,8.165156,STABLE,0,0.045071999999999335
587,2004.02.16.12.12.39,9.2809,8.229092,STABLE,0,0.06393599999999999
588,2004.02.16.12.22.39,9.4713,8.304524,STABLE,0,0.07543200000000105
589,2004.02.16.12.32.39,9.2068,8.351384,STABLE,0,0.04685999999999879
590,2004.02.16.12.42.39,9.2147,8.426644,STABLE,0,0.0752600000000001
591,2004.02.16.12.52.39,9.5734,8.501216000000001,STABLE,0,0.07457200000000164
592,2004.02.16.13.02.39,9.4049,8.57686,STABLE,0,0.07564399999999871
593,2004.02.16.13.12.39,8.8309,8.629947999999999,STABLE,0,0.053087999999998914
594,2004.02.16.13.22.39,9.335,8.702556,STABLE,0,0.07260800000000067
595,2004.02.16.13.32.39,9.5405,8.775564000000001,STABLE,0,0.07300800000000152
596,2004.02.16.13.42.39,9.4443,8.852944,STABLE,0,0.07737999999999978
597,2004.02.16.13.52.39,9.6791,8.916416,STABLE,0,0.06347199999999908
598,2004.02.16.14.02.39,9.2829,8.955644,STABLE,0,0.039227999999999597
599,2004.02.16.14.12.39,8.9261,9.011324,STABLE,0,0.05568000000000062
600,2004.02.16.14.22.39,9.03,9.048828,STABLE,0,0.037504000000000204
601,2004.02.16.14.32.39,9.05,9.102248,STABLE,0,0.053419999999999135
602,2004.02.16.14.42.39,10.0758,9.193852,STABLE,0,0.09160400000000024
603,2004.02.16.14.52.39,10.1498,9.276964,STABLE,0,0.08311199999999985
604,2004.02.16.15.02.39,10.1112,9.33292,STABLE,0,0.05595600000000012
605,2004.02.16.15.12.39,10.0876,9.376780000000002,STABLE,0,0.04386000000000223
606,2004.02.16.15.22.39,10.0862,9.422736,STABLE,0,0.045955999999998554
607,2004.02.16.15.32.39,10.4857,9.476908000000002,STABLE,0,0.05417200000000122
608,2004.02.16.15.42.39,10.5784,9.531884,STABLE,0,0.05497599999999814
609,2004.02.16.15.52.39,10.5319,9.579608,STABLE,0,0.047724000000000544
610,2004.02.16.16.02.39,10.9657,9.6589,STABLE,0,0.07929199999999881
611,2004.02.16.16.12.39,11.6528,9.759836,STABLE,0,0.1009360000000008
612,2004.02.16.16.22.39,11.6938,9.856352000000001,STABLE,0,0.09651600000000116
613,2004.02.16.16.32.39,11.7147,9.946088,STABLE,0,0.08973599999999848
614,2004.02.16.16.42.39,11.8016,10.04988,STABLE,0,0.10379200000000033
615,2004.02.16.16.52.39,11.9767,10.160359999999999,STABLE,0,0.11047999999999902
616,2004.02.16.17.02.39,12.3385,10.270964,STABLE,0,0.11060400000000037
617,2004.02.16.17.12.39,12.0806,10.377991999999999,STABLE,0,0.10702799999999968
618,2004.02.16.17.22.39,11.9465,10.502616,STABLE,0,0.12462400000000073
619,2004.02.16.17.32.39,11.4527,10.587324,STABLE,0,0.0847080000000009
620,2004.02.16.17.42.39,11.2451,10.655508,STABLE,0,0.06818399999999869
621,2004.02.16.17.52.39,11.4073,10.734028,STABLE,0,0.07852000000000103
622,2004.02.16.18.02.39,12.4118,10.843335999999999,STABLE,0,0.10930799999999863
623,2004.02.16.18.12.39,12.1886,10.959564,STABLE,0,0.11622800000000133
624,2004.02.16.18.22.39,12.1234,11.087456,STABLE,0,0.12789199999999923
625,2004.02.16.18.32.39,12.3865,11.221716,STABLE,0,0.13426000000000116
626,2004.02.16.18.42.39,12.7158,11.368348000000001,STABLE,0,0.14663200000000032
627,2004.02.16.18.52.39,13.0396,11.4869,STABLE,0,0.11855199999999932
628,2004.02.16.19.02.39,12.9704,11.599724000000002,STABLE,0,0.11282400000000159
629,2004.02.16.19.12.39,12.4787,11.694424000000001,STABLE,0,0.09469999999999956
630,2004.02.16.19.22.39,12.3531,11.785044000000001,STABLE,0,0.09061999999999948
631,2004.02.16.19.32.39,11.6487,11.847544000000001,STABLE,0,0.0625
632,2004.02.16.19.42.39,12.6178,11.932827999999999,STABLE,0,0.08528399999999792
633,2004.02.16.19.52.39,12.4423,12.007384,STABLE,0,0.07455600000000118
634,2004.02.16.20.02.39,11.9891,12.065672,STABLE,0,0.05828799999999923
635,2004.02.16.20.12.39,12.3261,12.120088,STABLE,0,0.054416000000001574
636,2004.02.16.20.22.39,12.3098,12.146368,STABLE,0,0.02627999999999986
637,2004.02.16.20.32.39,12.9201,12.195419999999999,STABLE,0,0.049051999999997875
638,2004.02.16.20.42.39,13.0782,12.249960000000002,STABLE,0,0.05454000000000292
639,2004.02.16.20.52.39,12.5052,12.278104,STABLE,0,0.02814399999999928
640,2004.02.16.21.02.39,12.6762,12.306084,STABLE,0,0.02797999999999945
641,2004.02.16.21.12.39,13.2605,12.342964,STABLE,0,0.036880000000000024
642,2004.02.16.21.22.39,13.8471,12.413624,STABLE,0,0.07066000000000017
643,2004.02.16.21.32.39,13.7431,12.485487999999998,STABLE,0,0.07186399999999793
644,2004.02.16.21.42.39,13.6151,12.571984,WATCH,1,0.08649600000000213
645,2004.02.16.21.52.39,13.3459,12.656016,WATCH,1,0.08403199999999877
646,2004.02.16.22.02.39,13.0456,12.721548,WATCH,1,0.06553200000000103
647,2004.02.16.22.12.39,13.0454,12.746892,WATCH,1,0.025344000000000477
648,2004.02.16.22.22.39,14.3764,12.834404,WATCH,1,0.08751199999999848
649,2004.02.16.22.32.39,16.1822,12.996756,WATCH,1,0.16235200000000027
650,2004.02.16.22.42.39,16.2488,13.151248,WATCH,1,0.15449200000000118
651,2004.02.16.22.52.39,16.5327,13.303924,WATCH,1,0.1526759999999996
652,2004.02.16.23.02.39,17.222,13.471219999999999,WATCH,1,0.16729599999999856
653,2004.02.16.23.12.39,16.9523,13.630496,WATCH,1,0.15927600000000197
654,2004.02.16.23.22.39,17.1881,13.818871999999999,WATCH,1,0.1883759999999981
655,2004.02.16.23.32.39,17.3933,14.02048,WATCH,1,0.20160800000000023
656,2004.02.16.23.42.39,16.4831,14.213856,WATCH,1,0.19337600000000066
657,2004.02.16.23.52.39,17.0998,14.393136,WATCH,1,0.17928000000000033
658,2004.02.17.00.02.39,17.1072,14.579732000000002,WATCH,1,0.18659600000000154
659,2004.02.17.00.12.39,16.7424,14.769864,WATCH,1,0.1901319999999984
660,2004.02.17.00.22.39,16.6256,14.941844000000001,WATCH,1,0.17198000000000135
661,2004.02.17.00.32.39,16.5059,15.109688,WATCH,1,0.16784399999999877
662,2004.02.17.00.42.39,17.2571,15.283168,WATCH,1,0.17347999999999963
663,2004.02.17.00.52.39,17.3616,15.454504,WATCH,1,0.17133600000000015
664,2004.02.17.01.02.39,17.4304,15.651511999999999,WATCH,1,0.19700799999999852
665,2004.02.17.01.12.39,17.1818,15.831736,WATCH,1,0.18022400000000083
666,2004.02.17.01.22.39,17.3208,15.994148000000001,WATCH,1,0.16241200000000156
667,2004.02.17.01.32.39,17.6173,16.144956,WATCH,1,0.1508079999999996
668,2004.02.17.01.42.39,17.4637,16.29378,WATCH,1,0.14882400000000118
669,2004.02.17.01.52.39,17.2554,16.439391999999998,WATCH,1,0.1456119999999963
670,2004.02.17.02.02.39,17.4752,16.604564,WATCH,1,0.16517200000000187
671,2004.02.17.02.12.39,17.7877,16.794247999999996,WATCH,1,0.1896839999999962
672,2004.02.17.02.22.39,17.0821,16.955716,WATCH,1,0.16146800000000283
673,2004.02.17.02.32.39,16.0311,17.021904,WATCH,1,0.06618800000000036
674,2004.02.17.02.42.39,15.3221,16.9875,WATCH,1,-0.03440399999999855
675,2004.02.17.02.52.39,16.1831,16.984872,WATCH,1,-0.002628000000001407
676,2004.02.17.03.02.39,16.0176,16.964268,WATCH,1,-0.020603999999998734
677,2004.02.17.03.12.39,16.2663,16.92604,WATCH,1,-0.03822800000000015
678,2004.02.17.03.22.39,16.4323,16.90524,WATCH,1,-0.020800000000001262
679,2004.02.17.03.32.39,16.7282,16.886844,WATCH,1,-0.01839599999999919
680,2004.02.17.03.42.39,16.3872,16.846600000000002,WATCH,1,-0.040243999999997726
681,2004.02.17.03.52.39,16.1454,16.833092,WATCH,1,-0.01350800000000163
682,2004.02.17.04.02.39,16.7649,16.819696,WATCH,1,-0.013396000000000186
683,2004.02.17.04.12.39,16.8794,16.810584,WATCH,1,-0.009112000000001785
684,2004.02.17.04.22.39,16.8186,16.813632,WATCH,1,0.0030479999999997176
685,2004.02.17.04.32.39,16.9388,16.82616,WATCH,1,0.012528000000003203
686,2004.02.17.04.42.39,17.8136,16.878468,WATCH,1,0.05230800000000002
687,2004.02.17.04.52.39,17.8221,16.901068,WATCH,1,0.022599999999997067
688,2004.02.17.05.02.39,17.6414,16.91226,WATCH,1,0.011192000000001201
689,2004.02.17.05.12.39,17.0553,16.897256000000002,WATCH,1,-0.015003999999997575
690,2004.02.17.05.22.39,17.0262,16.891032,WATCH,1,-0.006224000000003116
691,2004.02.17.05.32.39,16.9541,16.876364000000002,WATCH,1,-0.014667999999996795
692,2004.02.17.05.42.39,17.4985,16.871612,WATCH,1,-0.00475200000000342
693,2004.02.17.05.52.39,17.5694,16.87584,WATCH,1,0.004228000000001231
694,2004.02.17.06.02.39,17.9755,16.904644,WATCH,1,0.02880400000000094
695,2004.02.17.06.12.39,17.8679,16.920352,WATCH,1,0.015708000000000055
696,2004.02.17.06.22.39,17.731,16.918084,WATCH,1,-0.002268000000000825
697,2004.02.17.06.32.39,17.6659,16.941436,WATCH,1,0.02335199999999915
698,2004.02.17.06.42.39,18.4795,17.039372,WATCH,1,0.09793600000000069
699,2004.02.17.06.52.39,18.1242,17.151456,WATCH,1,0.1120839999999994
700,2004.02.17.07.02.39,18.5327,17.245440000000002,WATCH,1,0.09398400000000251
701,2004.02.17.07.12.39,19.6325,17.390036,WATCH,1,0.1445959999999964
702,2004.02.17.07.22.39,22.2986,17.631328,WATCH,1,0.2412920000000014
703,2004.02.17.07.32.39,35.9913,18.413688,WATCH,1,0.7823600000000006
704,2004.02.17.07.42.39,44.0866,19.508024,WATCH,1,1.0943359999999984
705,2004.02.17.07.52.39,49.188,20.820056,WATCH,1,1.312032000000002
706,2004.02.17.08.02.39,50.9734,22.213175999999997,WATCH,1,1.3931199999999961
707,2004.02.17.08.12.39,51.418,23.5993,WATCH,1,1.3861240000000024
708,2004.02.17.08.22.39,52.9071,25.040408,WATCH,1,1.4411079999999998
709,2004.02.17.08.32.39,51.9978,26.447575999999998,WATCH,1,1.4071679999999986
710,2004.02.17.08.42.39,50.8565,27.804284,WATCH,1,1.3567080000000011
711,2004.02.17.08.52.39,52.1522,29.177827999999998,WATCH,1,1.373543999999999
712,2004.02.17.09.02.39,51.7908,30.536575999999997,WATCH,1,1.3587479999999985
713,2004.02.17.09.12.39,51.7703,31.901731999999996,WATCH,1,1.365155999999999
714,2004.02.17.09.22.39,51.3257,33.272548,WATCH,1,1.370816000000005
715,2004.02.17.09.32.39,51.5277,34.652608,WATCH,1,1.3800600000000003
716,2004.02.17.09.42.39,51.7795,36.045624000000004,WATCH,1,1.393016000000003
717,2004.02.17.09.52.39,50.3492,37.359652000000004,WATCH,1,1.3140280000000004
718,2004.02.17.10.02.39,50.0802,38.660084000000005,WATCH,1,1.3004320000000007
719,2004.02.17.10.12.39,49.6121,39.925548,WATCH,1,1.2654639999999944
720,2004.02.17.10.22.39,50.212,41.219312,WATCH,1,1.293764000000003
721,2004.02.17.10.32.39,49.44,42.487672,WATCH,1,1.2683600000000013
722,2004.02.17.10.42.39,49.6247,43.766023999999994,WATCH,1,1.278351999999991
723,2004.02.17.10.52.39,49.3386,45.000388,WATCH,1,1.2343640000000065
724,2004.02.17.11.02.39,48.8844,46.230796,WATCH,1,1.230407999999997
725,2004.02.17.11.12.39,48.3481,47.423412,WATCH,1,1.192616000000001
726,2004.02.17.11.22.39,49.2913,48.609764,WATCH,1,1.1863519999999994
727,2004.02.17.11.32.39,49.8426,49.711524,WATCH,1,1.1017599999999987
728,2004.02.17.11.42.39,49.5941,50.255635999999996,WATCH,1,0.5441119999999984
729,2004.02.17.11.52.39,49.5258,50.473204,WATCH,1,0.2175680000000071
730,2004.02.17.12.02.39,49.8159,50.49832000000001,ALERT,2,0.025116000000004135
731,2004.02.17.12.12.39,49.9941,50.459148,ALERT,2,-0.039172000000007756
732,2004.02.17.12.22.39,47.4136,50.298972000000006,ALERT,2,-0.16017599999999277
733,2004.02.17.12.32.39,47.6047,50.08687599999999,ALERT,2,-0.21209600000001672
734,2004.02.17.12.42.39,46.0673,49.849656,ALERT,2,-0.23721999999998644
735,2004.02.17.12.52.39,45.3912,49.631043999999996,ALERT,2,-0.21861200000000736
736,2004.02.17.13.02.39,44.4267,49.322024,ALERT,2,-0.30901999999999674
737,2004.02.17.13.12.39,44.2978,49.02230399999999,ALERT,2,-0.29972000000000776
738,2004.02.17.13.22.39,44.1272,48.71658,ALERT,2,-0.3057239999999908
739,2004.02.17.13.32.39,41.3668,48.318224,ALERT,2,-0.3983559999999997
740,2004.02.17.13.42.39,39.4353,47.834528,ALERT,2,-0.4836960000000019
741,2004.02.17.13.52.39,39.5296,47.344532,ALERT,2,-0.4899959999999979
742,2004.02.17.14.02.39,39.1047,46.89475200000001,ALERT,2,-0.44977999999998985
743,2004.02.17.14.12.39,38.5212,46.432392,ALERT,2,-0.462360000000011
744,2004.02.17.14.22.39,36.7631,45.918431999999996,ALERT,2,-0.5139600000000044
745,2004.02.17.14.32.39,35.9324,45.347248,ALERT,2,-0.5711839999999953
746,2004.02.17.14.42.39,35.3604,44.784064,ALERT,2,-0.5631839999999997
747,2004.02.17.14.52.39,35.8704,44.233892000000004,ALERT,2,-0.5501719999999963
748,2004.02.17.15.02.39,34.7698,43.65114,ALERT,2,-0.5827520000000064
749,2004.02.17.15.12.39,34.9386,43.09330800000001,ALERT,2,-0.5578319999999906
750,2004.02.17.15.22.39,33.2947,42.491172,ALERT,2,-0.6021360000000087
751,2004.02.17.15.32.39,34.3953,41.895331999999996,ALERT,2,-0.5958400000000026
752,2004.02.17.15.42.39,34.5118,41.2821,ALERT,2,-0.6132319999999964
753,2004.02.17.15.52.39,33.4123,40.634828,ALERT,2,-0.647272000000001
754,2004.02.17.16.02.39,33.1959,39.981632,ALERT,2,-0.6531960000000012
755,2004.02.17.16.12.39,32.6518,39.295068,ALERT,2,-0.6865639999999971
756,2004.02.17.16.22.39,31.1634,38.54184,ALERT,2,-0.753228
757,2004.02.17.16.32.39,29.8608,37.839728,ALERT,2,-0.7021119999999996
758,2004.02.17.16.42.39,28.4581,37.073864,ALERT,2,-0.7658640000000005
759,2004.02.17.16.52.39,27.578,36.334292,ALERT,2,-0.7395720000000026
760,2004.02.17.17.02.39,26.5288,35.579796,ALERT,2,-0.7544959999999961
761,2004.02.17.17.12.39,25.8267,34.835796,ALERT,2,-0.7439999999999998
762,2004.02.17.17.22.39,24.6417,34.049552,ALERT,2,-0.7862440000000035
763,2004.02.17.17.32.39,22.3915,33.180124,ALERT,2,-0.8694279999999992
764,2004.02.17.17.42.39,22.1511,32.411496,ALERT,2,-0.7686279999999996
765,2004.02.17.17.52.39,20.7954,31.6659,ALERT,2,-0.745595999999999
766,2004.02.17.18.02.39,20.1928,30.892428,ALERT,2,-0.7734720000000017
767,2004.02.17.18.12.39,19.1984,30.096176,ALERT,2,-0.7962519999999991
768,2004.02.17.18.22.39,18.9539,29.313484,ALERT,2,-0.7826920000000008
769,2004.02.17.18.32.39,18.2768,28.574032,ALERT,2,-0.739452
770,2004.02.17.18.42.39,17.4905,27.836355999999995,ALERT,2,-0.737676000000004
771,2004.02.17.18.52.39,17.6036,27.126084000000002,ALERT,2,-0.7102719999999927
772,2004.02.17.19.02.39,16.7913,26.36292,ALERT,2,-0.7631640000000033
773,2004.02.17.19.12.39,16.5795,25.635308,ALERT,2,-0.7276120000000006
774,2004.02.17.19.22.39,16.4278,24.894876,ALERT,2,-0.7404319999999984
775,2004.02.17.19.32.39,15.9523,24.20118,ALERT,2,-0.6936959999999992
776,2004.02.17.19.42.39,14.681,23.412608,ALERT,2,-0.788572000000002
777,2004.02.17.19.52.39,15.2038,22.640288,ALERT,2,-0.772319999999997
778,2004.02.17.20.02.39,14.5678,21.886508,ALERT,2,-0.7537800000000026
779,2004.02.17.20.12.39,14.4339,21.136028,ALERT,2,-0.7504799999999996
780,2004.02.17.20.22.39,13.8894,20.385532,ALERT,2,-0.7504959999999983
781,2004.02.17.20.32.39,13.9704,19.697812000000003,ALERT,2,-0.6877199999999988
782,2004.02.17.20.42.39,12.9766,19.022444,ALERT,2,-0.6753680000000024
783,2004.02.17.20.52.39,13.4442,18.421888,ALERT,2,-0.600556000000001
784,2004.02.17.21.02.39,13.2152,17.847376,ALERT,2,-0.5745119999999986
785,2004.02.17.21.12.39,12.843,17.299944,ALERT,2,-0.5474320000000006
786,2004.02.17.21.22.39,12.138,16.752396,ALERT,2,-0.547547999999999
787,2004.02.17.21.32.39,12.6005,16.270747999999998,ALERT,2,-0.4816480000000034
788,2004.02.17.21.42.39,12.3069,15.867364,ALERT,2,-0.4033839999999973
789,2004.02.17.21.52.39,13.0022,15.501408,ALERT,2,-0.3659560000000006
790,2004.02.17.22.02.39,12.7083,15.177924,ALERT,2,-0.3234839999999988
791,2004.02.17.22.12.39,11.8746,14.845195999999998,ALERT,2,-0.332728000000003
792,2004.02.17.22.22.39,12.4143,14.573832,ALERT,2,-0.2713639999999984
793,2004.02.17.22.32.39,13.0543,14.337848000000001,ALERT,2,-0.23598399999999842
794,2004.02.17.22.42.39,13.4929,14.146491999999999,ALERT,2,-0.19135600000000252
795,2004.02.17.22.52.39,13.9008,14.002904,ALERT,2,-0.14358799999999938
796,2004.02.17.23.02.39,14.1908,13.866392000000001,ALERT,2,-0.13651199999999797
797,2004.02.17.23.12.39,14.0353,13.756152,ALERT,2,-0.110240000000001
798,2004.02.17.23.22.39,14.397,13.668852,ALERT,2,-0.08730000000000082
799,2004.02.17.23.32.39,14.165,13.57834,ALERT,2,-0.0905119999999986
800,2004.02.17.23.42.39,14.2393,13.50982,ALERT,2,-0.06852000000000125
801,2004.02.17.23.52.39,14.4497,13.500567999999998,ALERT,2,-0.009252000000001814
802,2004.02.18.00.02.39,14.4417,13.470084,ALERT,2,-0.030483999999997735
803,2004.02.18.00.12.39,14.6188,13.472123999999999,ALERT,2,0.0020399999999991536
804,2004.02.18.00.22.39,15.0438,13.49652,ALERT,2,0.024396000000001195
805,2004.02.18.00.32.39,15.7657,13.571571999999998,ALERT,2,0.07505199999999768
806,2004.02.18.00.42.39,15.9392,13.650324000000001,ALERT,2,0.07875200000000326
807,2004.02.18.00.52.39,16.2669,13.781935999999998,ALERT,2,0.13161199999999695
808,2004.02.18.01.02.39,16.5798,13.90736,ALERT,2,0.12542400000000242
809,2004.02.18.01.12.39,16.558,14.041072000000002,ALERT,2,0.13371200000000094
810,2004.02.18.01.22.39,16.4902,14.18696,ALERT,2,0.14588799999999758
811,2004.02.18.01.32.39,16.943,14.379159999999999,ALERT,2,0.1921999999999997
812,2004.02.18.01.42.39,17.4328,14.572452,ALERT,2,0.19329200000000135
813,2004.02.18.01.52.39,16.6587,14.746523999999999,ALERT,2,0.1740719999999989
814,2004.02.18.02.02.39,16.7096,14.89482,ALERT,2,0.1482960000000002
815,2004.02.18.02.12.39,16.6916,15.054152000000002,ALERT,2,0.1593320000000027
816,2004.02.18.02.22.39,17.0849,15.262564000000003,ALERT,2,0.20841200000000093
817,2004.02.18.02.32.39,16.9229,15.442908,ALERT,2,0.18034399999999629
818,2004.02.18.02.42.39,17.0797,15.603924,ALERT,2,0.16101600000000005
819,2004.02.18.02.52.39,17.6699,15.771004,ALERT,2,0.16708000000000034
820,2004.02.18.03.02.39,17.7674,15.925668,ALERT,2,0.15466400000000036
821,2004.02.18.03.12.39,18.5778,16.101148000000002,ALERT,2,0.17548000000000208
822,2004.02.18.03.22.39,18.369,16.274496,ALERT,2,0.17334799999999717
823,2004.02.18.03.32.39,18.2215,16.427476,ALERT,2,0.15297999999999945
824,2004.02.18.03.42.39,25.314,16.873435999999998,ALERT,2,0.44595999999999947
825,2004.02.18.03.52.39,28.7396,17.453448,ALERT,2,0.5800120000000035
826,2004.02.18.04.02.39,29.8352,18.068868,ALERT,2,0.6154199999999967
827,2004.02.18.04.12.39,31.6898,18.758792,ALERT,2,0.6899240000000013
828,2004.02.18.04.22.39,32.5597,19.476428000000002,ALERT,2,0.7176360000000024
829,2004.02.18.04.32.39,33.1671,20.20136,ALERT,2,0.724931999999999
830,2004.02.18.04.42.39,34.7435,20.960472,ALERT,2,0.7591119999999982
831,2004.02.18.04.52.39,34.4475,21.700803999999998,ALERT,2,0.7403319999999987
832,2004.02.18.05.02.39,36.4051,22.506332,ALERT,2,0.8055280000000025
833,2004.02.18.05.12.39,36.805,23.315340000000003,ALERT,2,0.8090080000000022
834,2004.02.18.05.22.39,38.1221,24.177904,ALERT,2,0.862563999999999
835,2004.02.18.05.32.39,39.0731,25.08122,ALERT,2,0.9033159999999967
836,2004.02.18.05.42.39,41.1013,26.047552,ALERT,2,0.9663320000000013
837,2004.02.18.05.52.39,41.7775,27.021339999999995,ALERT,2,0.9737879999999954
838,2004.02.18.06.02.39,42.578,28.058112,ALERT,2,1.0367720000000062
839,2004.02.18.06.12.39,44.0694,29.152504,ALERT,2,1.0943919999999991
840,2004.02.18.06.22.39,45.1476,30.290744,ALERT,2,1.1382399999999997
841,2004.02.18.06.32.39,44.7441,31.397112000000003,ALERT,2,1.1063680000000033
842,2004.02.18.06.42.39,45.4858,32.539628,ALERT,2,1.142515999999997
843,2004.02.18.06.52.39,45.9663,33.695092,ALERT,2,1.155464000000002
844,2004.02.18.07.02.39,46.5295,34.849476,ALERT,2,1.1543840000000003
845,2004.02.18.07.12.39,47.1328,36.024091999999996,ALERT,2,1.1746159999999932
846,2004.02.18.07.22.39,47.7483,37.190912000000004,ALERT,2,1.1668200000000084
847,2004.02.18.07.32.39,48.0421,38.377836,ALERT,2,1.1869239999999976
848,2004.02.18.07.42.39,47.4156,39.5456,ALERT,2,1.1677639999999982
849,2004.02.18.07.52.39,48.5984,40.476976,ALERT,2,0.9313760000000002
850,2004.02.18.08.02.39,50.1415,41.333051999999995,ALERT,2,0.8560759999999945
851,2004.02.18.08.12.39,50.8584,42.17398,ALERT,2,0.8409280000000052
852,2004.02.18.08.22.39,50.9916,42.946052,ALERT,2,0.7720720000000014
853,2004.02.18.08.32.39,49.6352,43.629071999999994,ALERT,2,0.683019999999992
854,2004.02.18.08.42.39,47.9345,44.219768,ALERT,2,0.5906960000000083
855,2004.02.18.08.52.39,46.4467,44.687896,ALERT,2,0.4681280000000001
856,2004.02.18.09.02.39,46.3028,45.162107999999996,ALERT,2,0.4742119999999943
857,2004.02.18.09.12.39,46.5329,45.567220000000006,ALERT,2,0.4051120000000097
858,2004.02.18.09.22.39,48.3961,46.030864,ALERT,2,0.46364399999999506
859,2004.02.18.09.32.39,46.6937,46.373728,ALERT,2,0.3428639999999987
860,2004.02.18.09.42.39,45.5319,46.63208,ALERT,2,0.25835200000000214
861,2004.02.18.09.52.39,45.5453,46.80984,ALERT,2,0.17775999999999925
862,2004.02.18.10.02.39,44.6413,46.924392,ALERT,2,0.11455199999999621
863,2004.02.18.10.12.39,45.3708,47.036103999999995,ALERT,2,0.11171199999999715
864,2004.02.18.10.22.39,45.8842,47.108696,ALERT,2,0.07259200000000732
865,2004.02.18.10.32.39,45.4408,47.120424,ALERT,2,0.011727999999997962
866,2004.02.18.10.42.39,45.0927,47.134367999999995,ALERT,2,0.013943999999995071
867,2004.02.18.10.52.39,42.7768,47.026008000000004,ALERT,2,-0.10835999999999046
868,2004.02.18.11.02.39,41.0843,46.830728,ALERT,2,-0.1952800000000039
869,2004.02.18.11.12.39,39.8639,46.564104,ALERT,2,-0.2666240000000002
870,2004.02.18.11.22.39,38.9507,46.236819999999994,ALERT,2,-0.3272840000000059
871,2004.02.18.11.32.39,38.4889,45.866444,ALERT,2,-0.37037599999999316
872,2004.02.18.11.42.39,38.3861,45.48020399999999,ALERT,2,-0.3862400000000079
873,2004.02.18.11.52.39,42.8561,45.297824,ALERT,2,-0.18237999999999488
874,2004.02.18.12.02.39,45.9157,45.190515999999995,ALERT,2,-0.10730800000000329
875,2004.02.18.12.12.39,44.2848,44.956248,ALERT,2,-0.23426799999999304
876,2004.02.18.12.22.39,43.327,44.654992,ALERT,2,-0.3012560000000022
877,2004.02.18.12.32.39,42.9657,44.333956,ALERT,2,-0.32103599999999943
878,2004.02.18.12.42.39,40.9998,43.98854,ALERT,2,-0.34541600000000017
879,2004.02.18.12.52.39,39.0098,43.631552,ALERT,2,-0.3569880000000012
880,2004.02.18.13.02.39,38.8521,43.327768,ALERT,2,-0.3037840000000003
881,2004.02.18.13.12.39,39.191,43.043296,ALERT,2,-0.28447200000000095
882,2004.02.18.13.22.39,38.444,42.719739999999994,ALERT,2,-0.3235560000000035
883,2004.02.18.13.32.39,37.3149,42.276492,ALERT,2,-0.443247999999997
884,2004.02.18.13.42.39,37.329,41.901904,ALERT,2,-0.3745879999999957
885,2004.02.18.13.52.39,38.2559,41.610864,ALERT,2,-0.2910400000000024
886,2004.02.18.14.02.39,38.4231,41.325976,ALERT,2,-0.28488800000000225
887,2004.02.18.14.12.39,38.7932,41.092052,ALERT,2,-0.2339239999999947
888,2004.02.18.14.22.39,38.0195,40.798,ALERT,2,-0.29405200000000065
889,2004.02.18.14.32.39,38.4686,40.501376,ALERT,2,-0.29662400000000133
890,2004.02.18.14.42.39,40.7621,40.314228,ALERT,2,-0.18714800000000054
891,2004.02.18.14.52.39,40.0619,40.112995999999995,ALERT,2,-0.20123200000000452
892,2004.02.18.15.02.39,36.5616,39.864388,ALERT,2,-0.24860799999999728
893,2004.02.18.15.12.39,31.6234,39.485952000000005,ALERT,2,-0.37843599999999356
894,2004.02.18.15.22.39,28.003,39.011516,ALERT,2,-0.4744360000000043
895,2004.02.18.15.32.39,24.6683,38.44022,ALERT,2,-0.5712960000000038
896,2004.02.18.15.42.39,21.6047,37.764852,ALERT,2,-0.6753679999999989
897,2004.02.18.15.52.39,19.9198,37.026199999999996,ALERT,2,-0.7386520000000019
898,2004.02.18.16.02.39,18.3237,36.044904,ALERT,2,-0.9812959999999933
899,2004.02.18.16.12.39,17.8092,34.920643999999996,ALERT,2,-1.1242600000000067
900,2004.02.18.16.22.39,17.4553,33.847464,ALERT,2,-1.0731799999999936
901,2004.02.18.16.32.39,17.2388,32.803936,ALERT,2,-1.043528000000002
902,2004.02.18.16.42.39,18.1414,31.810964,ALERT,2,-0.9929720000000017
903,2004.02.18.16.52.39,19.7418,30.960644000000002,ALERT,2,-0.8503199999999964
904,2004.02.18.17.02.39,24.2073,30.368544,ALERT,2,-0.5921000000000021
905,2004.02.18.17.12.39,29.1863,29.981911999999998,ALERT,2,-0.3866320000000023
906,2004.02.18.17.22.39,35.2624,29.824768000000002,ALERT,2,-0.1571439999999953
907,2004.02.18.17.32.39,40.4513,29.90506,ALERT,2,0.08029199999999648
908,2004.02.18.17.42.39,45.1765,30.219524,ALERT,2,0.31446400000000096
909,2004.02.18.17.52.39,47.2681,30.617088000000003,ALERT,2,0.3975640000000027
910,2004.02.18.18.02.39,49.3697,31.06164,ALERT,2,0.44455199999999806
911,2004.02.18.18.12.39,47.0066,31.404979999999995,ALERT,2,0.3433399999999942
912,2004.02.18.18.22.39,43.5498,31.595243999999997,ALERT,2,0.19026400000000265
913,2004.02.18.18.32.39,43.1766,31.801527999999998,ALERT,2,0.20628400000000013
914,2004.02.18.18.42.39,44.6673,32.049476,ALERT,2,0.24794800000000095
915,2004.02.18.18.52.39,45.1504,32.225008,ALERT,2,0.17553200000000402
916,2004.02.18.19.02.39,49.7181,32.611256,ALERT,2,0.3862479999999948
917,2004.02.18.19.12.39,46.7854,33.020208000000004,ALERT,2,0.4089520000000064
918,2004.02.18.19.22.39,43.8078,33.507583999999994,ALERT,2,0.4873759999999905
919,2004.02.18.19.32.39,43.5311,34.128708,ALERT,2,0.6211240000000089
920,2004.02.18.19.42.39,41.2169,34.790652,ALERT,2,0.6619439999999983
921,2004.02.18.19.52.39,41.4921,35.586148,ALERT,2,0.795496
922,2004.02.18.20.02.39,39.4155,36.365976,ALERT,2,0.779828000000002
923,2004.02.18.20.12.39,42.2512,37.32307599999999,ALERT,2,0.9570999999999898
924,2004.02.18.20.22.39,42.3779,38.305824,ALERT,2,0.982748000000008
925,2004.02.18.20.32.39,39.9779,39.206728,ALERT,2,0.900903999999997
926,2004.02.18.20.42.39,37.2752,40.008184,ALERT,2,0.8014560000000017
927,2004.02.18.20.52.39,32.6834,40.589864000000006,ALERT,2,0.5816800000000057
928,2004.02.18.21.02.39,28.8564,40.954448,ALERT,2,0.3645839999999936
929,2004.02.18.21.12.39,28.9932,41.145883999999995,ALERT,2,0.19143599999999594
930,2004.02.18.21.22.39,32.2871,41.269916,ALERT,2,0.1240320000000068
931,2004.02.18.21.32.39,34.0494,41.221396,ALERT,2,-0.04852000000000345
932,2004.02.18.21.42.39,38.2779,41.13446,ALERT,2,-0.08693600000000146
933,2004.02.18.21.52.39,43.1621,41.053884,ALERT,2,-0.08057600000000065
934,2004.02.18.22.02.39,47.7051,41.071363999999996,ALERT,2,0.017479999999999052
935,2004.02.18.22.12.39,56.6906,41.364200000000004,ALERT,2,0.2928360000000083
936,2004.02.18.22.22.39,72.545,42.38573600000001,ALERT,2,1.0215360000000047
937,2004.02.18.22.32.39,61.996,43.123584,ALERT,2,0.7378479999999925
938,2004.02.18.22.42.39,55.3089,43.608876,ALERT,2,0.48529200000000117
939,2004.02.18.22.52.39,50.7435,43.851924,ALERT,2,0.2430479999999946
940,2004.02.18.23.02.39,41.1034,43.690044,ALERT,2,-0.16187999999999647
941,2004.02.18.23.12.39,34.9308,43.098552,ALERT,2,-0.5914920000000023
942,2004.02.18.23.22.39,33.661,42.573576,ALERT,2,-0.5249759999999952
943,2004.02.18.23.32.39,30.644,42.047024,ALERT,2,-0.5265520000000024
944,2004.02.18.23.42.39,38.6593,41.852152,ALERT,2,-0.1948720000000037
945,2004.02.18.23.52.39,40.4244,41.820451999999996,ALERT,2,-0.03170000000000073
946,2004.02.19.00.02.39,48.7945,42.112548000000004,ALERT,2,0.2920960000000079
947,2004.02.19.00.12.39,42.8116,42.248392,ALERT,2,0.13584399999999874
948,2004.02.19.00.22.39,34.4533,41.936476,ALERT,2,-0.31191600000000363
949,2004.02.19.00.32.39,30.3683,41.456092,ALERT,2,-0.4803840000000008
950,2004.02.19.00.42.39,29.7109,41.045412,ALERT,2,-0.41067999999999927
951,2004.02.19.00.52.39,33.8248,40.907396,ALERT,2,-0.13801600000000036
952,2004.02.19.01.02.39,43.6504,41.346076000000004,ALERT,2,0.43868000000000507
953,2004.02.19.01.12.39,55.1902,42.39942800000001,ALERT,2,1.0533520000000038
954,2004.02.19.01.22.39,52.6257,43.344727999999996,ALERT,2,0.9452999999999889
955,2004.02.19.01.32.39,61.559,44.515603999999996,ALERT,2,1.1708759999999998
956,2004.02.19.01.42.39,58.8994,45.509603999999996,ALERT,2,0.9939999999999998
957,2004.02.19.01.52.39,63.6995,46.526468,ALERT,2,1.0168640000000053
958,2004.02.19.02.02.39,63.1226,47.324888,ALERT,2,0.7984200000000001
959,2004.02.19.02.12.39,76.1647,48.463272,ALERT,2,1.138384000000002
960,2004.02.19.02.22.39,66.9892,48.875216,ALERT,2,0.4119439999999983
961,2004.02.19.02.32.39,62.0249,48.45441199999999,ALERT,2,-0.42080400000001106
962,2004.02.19.02.42.39,66.759,48.644932,ALERT,2,0.19052000000000646
963,2004.02.19.02.52.39,58.6351,48.77798,ALERT,2,0.13304800000000228
964,2004.02.19.03.02.39,61.3517,49.202308,ALERT,2,0.4243280000000027
965,2004.02.19.03.12.39,68.2017,50.28624,ALERT,2,1.0839319999999972
966,2004.02.19.03.22.39,80.8073,52.1213,ALERT,2,1.8350599999999986
967,2004.02.19.03.32.39,84.9608,54.17329199999999,ALERT,2,2.0519919999999914
968,2004.02.19.03.42.39,102.4224,57.044427999999996,ALERT,2,2.871136000000007
969,2004.02.19.03.52.39,107.0535,59.780196000000004,ALERT,2,2.7357680000000073
970,2004.02.19.04.02.39,111.7873,62.634712,ALERT,2,2.8545159999999967
971,2004.02.19.04.12.39,115.3584,65.297268,ALERT,2,2.662556000000002
972,2004.02.19.04.22.39,137.5728,69.087716,ALERT,2,3.790447999999998
973,2004.02.19.04.32.39,151.1747,73.75657199999999,ALERT,2,4.668855999999991
974,2004.02.19.04.42.39,152.3007,78.633868,ALERT,2,4.877296000000015
975,2004.02.19.04.52.39,163.6327,83.99074,ALERT,2,5.356871999999996
976,2004.02.19.05.02.39,232.3468,91.93162000000001,ALERT,2,7.940880000000007
977,2004.02.19.05.12.39,229.2501,99.35560800000002,ALERT,2,7.4239880000000085
978,2004.02.19.05.22.39,204.5341,105.329364,ALERT,2,5.97375599999998
979,2004.02.19.05.32.39,176.5969,110.288212,ALERT,2,4.958848000000003
980,2004.02.19.05.42.39,250.7265,117.854912,ALERT,2,7.566699999999997
981,2004.02.19.05.52.39,217.1628,124.185448,ALERT,2,6.330535999999995
982,2004.02.19.06.02.39,202.7404,129.747084,ALERT,2,5.561636000000007
983,2004.02.19.06.12.39,101.1003,131.26619200000002,ALERT,2,1.519108000000017
984,2004.02.19.06.22.39,50.6345,130.24498400000002,ALERT,2,-1.0212080000000014
